"","ref_id","X.x","analysis_type","model_type","data_source","topics","country_list","species_list","reviewed_by.x","reviewed_date.x","general_application","specific_issue","paradigm","species_range","X.y","iso2","reviewed_by.y","reviewed_date.y","country_role","topics2"
"1","AY0000000000000022","104",NA,"GARP",NA,"Conservation",NA,NA,"Ada Sanchez","2021-05-21 05:34:16","Spatial prediction","Change in distribution driven by habitat loss","NM","Native","3026","MX","Rsaurio","2020-10-29 10:08:51","In text","Conservation"
"2","AY0000000000000022","104",NA,"GARP",NA,"Conservation",NA,NA,"Ada Sanchez","2021-05-21 05:34:16","Threats monitoring","Change in distribution driven by habitat loss","NM","Native","3026","MX","Rsaurio","2020-10-29 10:08:51","In text","Conservation"
"3","AY0000000000000022","104",NA,"GARP",NA,"Conservation",NA,NA,"Ada Sanchez","2021-05-21 05:34:16","Spatial prediction","Coverage by Protected Areas","NM","Native","3026","MX","Rsaurio","2020-10-29 10:08:51","In text","Conservation"
"4","AY0000000000000022","104",NA,"GARP",NA,"Conservation",NA,NA,"Ada Sanchez","2021-05-21 05:34:16","Threats monitoring","Coverage by Protected Areas","NM","Native","3026","MX","Rsaurio","2020-10-29 10:08:51","In text","Conservation"
"5","ISI000208353800001","14",NA,"MaxEnt",NA,"Conservation",NA,NA,"JRFP","2021-05-14 03:35:20",NA,NA,"NM","Native","1107","BR","Rsaurio","2020-10-29 10:06:06","In text",NA
"6","ISI000232500900001","117",NA,"Other_NMmodels",NA,"Ecology",NA,NA,"Ada Sanchez","2021-05-28 00:43:25","Relation with environmental variables","Identifying potential habitat","NM","Native","424","AU","Rsaurio","2020-10-29 10:05:59","In text","Ecology"
"7","ISI000235693400012","85",NA,"Regression_Models",NA,"Ecology",NA,NA,"Ada Sanchez","2021-05-17 23:52:14","Relation with environmental variables","Variables affecting distribution","NM","Native","574","AU","Rsaurio","2020-10-29 10:05:59","In text","Ecology"
"8","ISI000241621800003","30",NA,"Regression_Models",NA,"Invasion ecology",NA,NA,"Ada Sanchez","2021-05-17 01:29:15","Predictions of invasion risk","Potential range of invasive species","NM","Non-native","1852","ES","Rsaurio","2020-10-29 10:08:21","In text","Invasion ecology"
"9","ISI000244179000012","49",NA,"Regression_Models",NA,"Ecology",NA,NA,"Ada Sanchez","2021-05-17 04:32:01","Relation with environmental variables","Interannual variability in distribution","NM","Native","559","AU","Rsaurio","2020-10-29 10:05:59","In text","Ecology"
"10","ISI000245693700008","102",NA,"GARP",NA,"Conservation",NA,NA,"Ada Sanchez","2021-05-21 04:03:31","Climate change","Change in distribution driven by climate change","NM","Native","116","AR","Rsaurio","2020-10-29 10:05:56","In text","Conservation"
"11","ISI000245693700008","102",NA,"GARP",NA,"Conservation",NA,NA,"Ada Sanchez","2021-05-21 04:03:31","Climate change","Change in distribution driven by climate change","NM","Native","3785","PY","Rsaurio","2020-10-29 10:09:08","In text","Conservation"
"12","ISI000245693700008","102",NA,"GARP",NA,"Conservation",NA,NA,"Ada Sanchez","2021-05-21 04:03:31","Climate change","Change in distribution driven by climate change","NM","Native","1147","BR","Rsaurio","2020-10-29 10:06:06","In text","Conservation"
"13","ISI000247322000010","17","spatial prediction,measure of change","GARP","museum collections","evolution",NA,NA,"JRFP","2021-05-14 09:56:15","Biogeographic patterns","Change in historical distribution","NM","Native","3000","MX","Rsaurio","2020-10-29 10:08:51","In text","evolution"
"14","ISI000248965200012","93",NA,"Other_NMmodels",NA,"Invasion ecology",NA,NA,"Ada Sanchez","2021-05-18 00:43:50","Predictions of invasion risk","Limitations into invasion risk","RSF","Non-native","742","BE","Rsaurio","2020-10-29 10:06:01","In text","Invasion ecology"
"15","ISI000250297300006","121",NA,"Regression_Models",NA,"Ecology",NA,NA,"Ada Sanchez","2021-05-28 01:04:00","Relation with environmental variables","Model comparisons","NM","Native","550","AU","Rsaurio","2020-10-29 10:05:59","In text","Ecology"
"16","ISI000250297300006","121",NA,"Regression_Models",NA,"Ecology",NA,NA,"Ada Sanchez","2021-05-28 01:04:00","Improving estimation","Model comparisons","NM","Native","550","AU","Rsaurio","2020-10-29 10:05:59","In text","Methodological issues"
"17","ISI000250297300006","121",NA,"Regression_Models",NA,"Methodological issues",NA,NA,"Ada Sanchez","2021-05-28 01:04:00","Relation with environmental variables","Model comparisons","NM","Native","550","AU","Rsaurio","2020-10-29 10:05:59","In text","Ecology"
"18","ISI000250297300006","121",NA,"Regression_Models",NA,"Methodological issues",NA,NA,"Ada Sanchez","2021-05-28 01:04:00","Improving estimation","Model comparisons","NM","Native","550","AU","Rsaurio","2020-10-29 10:05:59","In text","Methodological issues"
"19","ISI000250297300006","121",NA,"Regression_Models",NA,"Ecology",NA,NA,"Ada Sanchez","2021-05-28 01:04:00","Relation with environmental variables","Variables affecting distribution","NM","Native","550","AU","Rsaurio","2020-10-29 10:05:59","In text","Ecology"
"20","ISI000250297300006","121",NA,"Regression_Models",NA,"Ecology",NA,NA,"Ada Sanchez","2021-05-28 01:04:00","Improving estimation","Variables affecting distribution","NM","Native","550","AU","Rsaurio","2020-10-29 10:05:59","In text","Methodological issues"
"21","ISI000250297300006","121",NA,"Regression_Models",NA,"Methodological issues",NA,NA,"Ada Sanchez","2021-05-28 01:04:00","Relation with environmental variables","Variables affecting distribution","NM","Native","550","AU","Rsaurio","2020-10-29 10:05:59","In text","Ecology"
"22","ISI000250297300006","121",NA,"Regression_Models",NA,"Methodological issues",NA,NA,"Ada Sanchez","2021-05-28 01:04:00","Improving estimation","Variables affecting distribution","NM","Native","550","AU","Rsaurio","2020-10-29 10:05:59","In text","Methodological issues"
"23","ISI000250297300006","121",NA,"MaxEnt",NA,"Ecology",NA,NA,"Ada Sanchez","2021-05-28 01:04:00","Relation with environmental variables","Model comparisons","NM","Native","550","AU","Rsaurio","2020-10-29 10:05:59","In text","Ecology"
"24","ISI000250297300006","121",NA,"MaxEnt",NA,"Ecology",NA,NA,"Ada Sanchez","2021-05-28 01:04:00","Improving estimation","Model comparisons","NM","Native","550","AU","Rsaurio","2020-10-29 10:05:59","In text","Methodological issues"
"25","ISI000250297300006","121",NA,"MaxEnt",NA,"Methodological issues",NA,NA,"Ada Sanchez","2021-05-28 01:04:00","Relation with environmental variables","Model comparisons","NM","Native","550","AU","Rsaurio","2020-10-29 10:05:59","In text","Ecology"
"26","ISI000250297300006","121",NA,"MaxEnt",NA,"Methodological issues",NA,NA,"Ada Sanchez","2021-05-28 01:04:00","Improving estimation","Model comparisons","NM","Native","550","AU","Rsaurio","2020-10-29 10:05:59","In text","Methodological issues"
"27","ISI000250297300006","121",NA,"MaxEnt",NA,"Ecology",NA,NA,"Ada Sanchez","2021-05-28 01:04:00","Relation with environmental variables","Variables affecting distribution","NM","Native","550","AU","Rsaurio","2020-10-29 10:05:59","In text","Ecology"
"28","ISI000250297300006","121",NA,"MaxEnt",NA,"Ecology",NA,NA,"Ada Sanchez","2021-05-28 01:04:00","Improving estimation","Variables affecting distribution","NM","Native","550","AU","Rsaurio","2020-10-29 10:05:59","In text","Methodological issues"
"29","ISI000250297300006","121",NA,"MaxEnt",NA,"Methodological issues",NA,NA,"Ada Sanchez","2021-05-28 01:04:00","Relation with environmental variables","Variables affecting distribution","NM","Native","550","AU","Rsaurio","2020-10-29 10:05:59","In text","Ecology"
"30","ISI000250297300006","121",NA,"MaxEnt",NA,"Methodological issues",NA,NA,"Ada Sanchez","2021-05-28 01:04:00","Improving estimation","Variables affecting distribution","NM","Native","550","AU","Rsaurio","2020-10-29 10:05:59","In text","Methodological issues"
"31","ISI000253983000009","42",NA,"Regression_Models",NA,"Ecology","Australia",NA,"Ada Sanchez","2021-05-17 04:07:23","Relation with environmental variables","Identifying breeding habitat","RSF","Native","546","AU","Rsaurio","2020-10-29 10:05:59","In text","Ecology"
"32","ISI000256158100014","98",NA,"MaxEnt",NA,"Ecology",NA,NA,"Ada Sanchez","2021-05-20 04:19:19","Relation with environmental variables","Variables affecting distribution","NM","Native","4561","BR","Ada Sanchez","2020-10-30 08:01:51","Study location","Ecology"
"33","ISI000259301200004","63",NA,"Regression_Models",NA,"Ecology",NA,NA,"Ada Sanchez","2021-05-17 06:00:31","Relation with environmental variables","Variables affecting distribution","NM","Native","2069","GN","Rsaurio","2020-10-29 10:08:27","In text","Ecology"
"34","ISI000263128000003","27",NA,"Other_NMmodels",NA,"Invasion ecology",NA,NA,"Ada Sanchez","2021-05-17 01:03:50","Predictions of invasion risk","Potential range of invasive species","NM","Non-native","740","BE","Rsaurio","2020-10-29 10:06:01","In text","Invasion ecology"
"35","ISI000263245200003","111",NA,"Regression_Models",NA,"Ecology",NA,NA,"Ada Sanchez","2021-05-27 08:34:02","Macroecology","Global distribution patterns of diet type","NM","Native","4448","BO","Ada Sanchez","2021-05-27 08:32:18","False positive","Ecology"
"36","ISI000263245200003","111",NA,"Regression_Models",NA,"Ecology",NA,NA,"Ada Sanchez","2021-05-27 08:34:02","Macroecology","Global distribution patterns of diet type","NM","Native","5313","BR","Ada Sanchez","2021-05-27 08:32:33","False positive","Ecology"
"37","ISI000273100500002","70",NA,"GARP",NA,"Conservation",NA,NA,"Ada Sanchez","2021-05-17 06:52:39","Threats monitoring","Change in distribution driven by habitat loss","NM","Native","2993","MX","Rsaurio","2020-10-29 10:08:51","In text","Conservation"
"38","ISI000273100500002","70",NA,"GARP",NA,"Conservation",NA,NA,"Ada Sanchez","2021-05-17 06:52:39","Threats monitoring","Change in distribution driven by habitat loss","NM","Native","2860","MO","Ada Sanchez","2021-05-17 06:53:13","False positive","Conservation"
"39","ISI000274354200016","21",NA,"Ensemble_Approach",NA,"Conservation",NA,NA,"JRFP","2021-05-14 10:53:36","Relation with environmental variables","Coverage by Protected Areas","NM","Native","1089","BR","Rsaurio","2020-10-29 10:06:06","In text","Ecology"
"40","ISI000274354200016","21",NA,"Ensemble_Approach",NA,"Conservation",NA,NA,"JRFP","2021-05-14 10:53:36","Temporal distribution patterns","Coverage by Protected Areas","NM","Native","1089","BR","Rsaurio","2020-10-29 10:06:06","In text","Ecology"
"41","ISI000274354200016","21",NA,"Ensemble_Approach",NA,"Conservation",NA,NA,"JRFP","2021-05-14 10:53:36","Spatial prediction","Coverage by Protected Areas","NM","Native","1089","BR","Rsaurio","2020-10-29 10:06:06","In text","Conservation"
"42","ISI000274354200016","21",NA,"Ensemble_Approach",NA,"Ecology",NA,NA,"JRFP","2021-05-14 10:53:36","Relation with environmental variables","Coverage by Protected Areas","NM","Native","1089","BR","Rsaurio","2020-10-29 10:06:06","In text","Ecology"
"43","ISI000274354200016","21",NA,"Ensemble_Approach",NA,"Ecology",NA,NA,"JRFP","2021-05-14 10:53:36","Temporal distribution patterns","Coverage by Protected Areas","NM","Native","1089","BR","Rsaurio","2020-10-29 10:06:06","In text","Ecology"
"44","ISI000274354200016","21",NA,"Ensemble_Approach",NA,"Ecology",NA,NA,"JRFP","2021-05-14 10:53:36","Spatial prediction","Coverage by Protected Areas","NM","Native","1089","BR","Rsaurio","2020-10-29 10:06:06","In text","Conservation"
"45","ISI000274354200016","21",NA,"Ensemble_Approach",NA,"Conservation",NA,NA,"JRFP","2021-05-14 10:53:36","Relation with environmental variables","Change in distribution driven by habitat loss","NM","Native","1089","BR","Rsaurio","2020-10-29 10:06:06","In text","Ecology"
"46","ISI000274354200016","21",NA,"Ensemble_Approach",NA,"Conservation",NA,NA,"JRFP","2021-05-14 10:53:36","Temporal distribution patterns","Change in distribution driven by habitat loss","NM","Native","1089","BR","Rsaurio","2020-10-29 10:06:06","In text","Ecology"
"47","ISI000274354200016","21",NA,"Ensemble_Approach",NA,"Conservation",NA,NA,"JRFP","2021-05-14 10:53:36","Spatial prediction","Change in distribution driven by habitat loss","NM","Native","1089","BR","Rsaurio","2020-10-29 10:06:06","In text","Conservation"
"48","ISI000274354200016","21",NA,"Ensemble_Approach",NA,"Ecology",NA,NA,"JRFP","2021-05-14 10:53:36","Relation with environmental variables","Change in distribution driven by habitat loss","NM","Native","1089","BR","Rsaurio","2020-10-29 10:06:06","In text","Ecology"
"49","ISI000274354200016","21",NA,"Ensemble_Approach",NA,"Ecology",NA,NA,"JRFP","2021-05-14 10:53:36","Temporal distribution patterns","Change in distribution driven by habitat loss","NM","Native","1089","BR","Rsaurio","2020-10-29 10:06:06","In text","Ecology"
"50","ISI000274354200016","21",NA,"Ensemble_Approach",NA,"Ecology",NA,NA,"JRFP","2021-05-14 10:53:36","Spatial prediction","Change in distribution driven by habitat loss","NM","Native","1089","BR","Rsaurio","2020-10-29 10:06:06","In text","Conservation"
"51","ISI000274354200016","21",NA,"Ensemble_Approach",NA,"Conservation",NA,NA,"JRFP","2021-05-14 10:53:36","Relation with environmental variables","Change in distribution driven by climate change","NM","Native","1089","BR","Rsaurio","2020-10-29 10:06:06","In text","Ecology"
"52","ISI000274354200016","21",NA,"Ensemble_Approach",NA,"Conservation",NA,NA,"JRFP","2021-05-14 10:53:36","Temporal distribution patterns","Change in distribution driven by climate change","NM","Native","1089","BR","Rsaurio","2020-10-29 10:06:06","In text","Ecology"
"53","ISI000274354200016","21",NA,"Ensemble_Approach",NA,"Conservation",NA,NA,"JRFP","2021-05-14 10:53:36","Spatial prediction","Change in distribution driven by climate change","NM","Native","1089","BR","Rsaurio","2020-10-29 10:06:06","In text","Conservation"
"54","ISI000274354200016","21",NA,"Ensemble_Approach",NA,"Ecology",NA,NA,"JRFP","2021-05-14 10:53:36","Relation with environmental variables","Change in distribution driven by climate change","NM","Native","1089","BR","Rsaurio","2020-10-29 10:06:06","In text","Ecology"
"55","ISI000274354200016","21",NA,"Ensemble_Approach",NA,"Ecology",NA,NA,"JRFP","2021-05-14 10:53:36","Temporal distribution patterns","Change in distribution driven by climate change","NM","Native","1089","BR","Rsaurio","2020-10-29 10:06:06","In text","Ecology"
"56","ISI000274354200016","21",NA,"Ensemble_Approach",NA,"Ecology",NA,NA,"JRFP","2021-05-14 10:53:36","Spatial prediction","Change in distribution driven by climate change","NM","Native","1089","BR","Rsaurio","2020-10-29 10:06:06","In text","Conservation"
"57","ISI000274354200016","21",NA,"Ensemble_Approach",NA,"Conservation",NA,NA,"JRFP","2021-05-14 10:53:36","Relation with environmental variables","Seasonal distribution patterns","NM","Native","1089","BR","Rsaurio","2020-10-29 10:06:06","In text","Ecology"
"58","ISI000274354200016","21",NA,"Ensemble_Approach",NA,"Conservation",NA,NA,"JRFP","2021-05-14 10:53:36","Temporal distribution patterns","Seasonal distribution patterns","NM","Native","1089","BR","Rsaurio","2020-10-29 10:06:06","In text","Ecology"
"59","ISI000274354200016","21",NA,"Ensemble_Approach",NA,"Conservation",NA,NA,"JRFP","2021-05-14 10:53:36","Spatial prediction","Seasonal distribution patterns","NM","Native","1089","BR","Rsaurio","2020-10-29 10:06:06","In text","Conservation"
"60","ISI000274354200016","21",NA,"Ensemble_Approach",NA,"Ecology",NA,NA,"JRFP","2021-05-14 10:53:36","Relation with environmental variables","Seasonal distribution patterns","NM","Native","1089","BR","Rsaurio","2020-10-29 10:06:06","In text","Ecology"
"61","ISI000274354200016","21",NA,"Ensemble_Approach",NA,"Ecology",NA,NA,"JRFP","2021-05-14 10:53:36","Temporal distribution patterns","Seasonal distribution patterns","NM","Native","1089","BR","Rsaurio","2020-10-29 10:06:06","In text","Ecology"
"62","ISI000274354200016","21",NA,"Ensemble_Approach",NA,"Ecology",NA,NA,"JRFP","2021-05-14 10:53:36","Spatial prediction","Seasonal distribution patterns","NM","Native","1089","BR","Rsaurio","2020-10-29 10:06:06","In text","Conservation"
"63","ISI000274354200016","21",NA,"Ensemble_Approach",NA,"Conservation",NA,NA,"JRFP","2021-05-14 10:53:36","Relation with environmental variables","Migration patterns","NM","Native","1089","BR","Rsaurio","2020-10-29 10:06:06","In text","Ecology"
"64","ISI000274354200016","21",NA,"Ensemble_Approach",NA,"Conservation",NA,NA,"JRFP","2021-05-14 10:53:36","Temporal distribution patterns","Migration patterns","NM","Native","1089","BR","Rsaurio","2020-10-29 10:06:06","In text","Ecology"
"65","ISI000274354200016","21",NA,"Ensemble_Approach",NA,"Conservation",NA,NA,"JRFP","2021-05-14 10:53:36","Spatial prediction","Migration patterns","NM","Native","1089","BR","Rsaurio","2020-10-29 10:06:06","In text","Conservation"
"66","ISI000274354200016","21",NA,"Ensemble_Approach",NA,"Ecology",NA,NA,"JRFP","2021-05-14 10:53:36","Relation with environmental variables","Migration patterns","NM","Native","1089","BR","Rsaurio","2020-10-29 10:06:06","In text","Ecology"
"67","ISI000274354200016","21",NA,"Ensemble_Approach",NA,"Ecology",NA,NA,"JRFP","2021-05-14 10:53:36","Temporal distribution patterns","Migration patterns","NM","Native","1089","BR","Rsaurio","2020-10-29 10:06:06","In text","Ecology"
"68","ISI000274354200016","21",NA,"Ensemble_Approach",NA,"Ecology",NA,NA,"JRFP","2021-05-14 10:53:36","Spatial prediction","Migration patterns","NM","Native","1089","BR","Rsaurio","2020-10-29 10:06:06","In text","Conservation"
"69","ISI000277168000006","141",NA,"Other_NMmodels",NA,"Invasion ecology",NA,NA,"Ada Sanchez","2021-06-01 01:00:20","Invasion effect","Impacts on native species","NM","Non-native","736","BE","Rsaurio","2020-10-29 10:06:01","In text","Invasion ecology"
"70","ISI000280457500009","38",NA,"MaxEnt","literature records",NA,NA,NA,"JRFP","2021-05-17 02:23:48",NA,"Occurrence of behaviour types",NA,"Native","3617","PE","Rsaurio","2020-10-29 10:09:04","In text",NA
"71","ISI000280457500009","38",NA,"MaxEnt","literature records",NA,NA,NA,"JRFP","2021-05-17 02:23:48",NA,"Drivers of behaviour types",NA,"Native","3617","PE","Rsaurio","2020-10-29 10:09:04","In text",NA
"72","ISI000280457500009","38",NA,"MaxEnt","literature records",NA,NA,NA,"JRFP","2021-05-17 02:23:48",NA,"Occurrence of behaviour types",NA,"Native","4389","BO","Rsaurio","2020-10-29 10:10:10","In text",NA
"73","ISI000280457500009","38",NA,"MaxEnt","literature records",NA,NA,NA,"JRFP","2021-05-17 02:23:48",NA,"Drivers of behaviour types",NA,"Native","4389","BO","Rsaurio","2020-10-29 10:10:10","In text",NA
"74","ISI000282115100011","84",NA,"Other_NMmodels",NA,"Ecology",NA,NA,"Ada Sanchez","2021-05-17 23:47:32","Relation with environmental variables","Interannual variability in distribution","RSF","Native","2985","MX","Rsaurio","2020-10-29 10:08:51","In text","Ecology"
"75","ISI000284038500028","89",NA,"GARP",NA,"Conservation",NA,NA,"Ada Sanchez","2021-05-18 00:13:00","Threats monitoring","Change in distribution driven by habitat loss","NM","Native","2984","MX","Rsaurio","2020-10-29 10:08:51","In text","Conservation"
"76","ISI000298076300024","1",NA,"GARP",NA,"Conservation",NA,NA,"JRFP","2021-05-14 04:06:45","Assessment of distribution",NA,"NM","Native","2971","MX","Rsaurio","2020-10-29 10:08:51","In text","Ecology"
"77","ISI000306477000005","65",NA,"Regression_Models",NA,NA,NA,NA,"JRFP","2021-05-17 06:11:47",NA,"Input for population models / population viability analysis","NM","Native","2045","GN","Rsaurio","2020-10-29 10:08:27","In text",NA
"78","ISI000306477000005","65",NA,"Regression_Models",NA,NA,NA,NA,"JRFP","2021-05-17 06:11:47",NA,"Threat effect on distribution/occupancy","NM","Native","2045","GN","Rsaurio","2020-10-29 10:08:27","In text",NA
"79","ISI000306477000005","65",NA,"Ensemble_Approach",NA,NA,NA,NA,"JRFP","2021-05-17 06:11:47",NA,"Input for population models / population viability analysis","NM","Native","2045","GN","Rsaurio","2020-10-29 10:08:27","In text",NA
"80","ISI000306477000005","65",NA,"Ensemble_Approach",NA,NA,NA,NA,"JRFP","2021-05-17 06:11:47",NA,"Threat effect on distribution/occupancy","NM","Native","2045","GN","Rsaurio","2020-10-29 10:08:27","In text",NA
"81","ISI000306477000005","65",NA,"Regression_Models",NA,NA,NA,NA,"JRFP","2021-05-17 06:11:47",NA,"Input for population models / population viability analysis","NM","Native","425","AU","Rsaurio","2020-10-29 10:05:59","In text",NA
"82","ISI000306477000005","65",NA,"Regression_Models",NA,NA,NA,NA,"JRFP","2021-05-17 06:11:47",NA,"Threat effect on distribution/occupancy","NM","Native","425","AU","Rsaurio","2020-10-29 10:05:59","In text",NA
"83","ISI000306477000005","65",NA,"Ensemble_Approach",NA,NA,NA,NA,"JRFP","2021-05-17 06:11:47",NA,"Input for population models / population viability analysis","NM","Native","425","AU","Rsaurio","2020-10-29 10:05:59","In text",NA
"84","ISI000306477000005","65",NA,"Ensemble_Approach",NA,NA,NA,NA,"JRFP","2021-05-17 06:11:47",NA,"Threat effect on distribution/occupancy","NM","Native","425","AU","Rsaurio","2020-10-29 10:05:59","In text",NA
"85","ISI000312089400007","88",NA,"MaxEnt",NA,"Conservation",NA,"Pyrrhura picta,Pyrrhura melanura,Pyrrhura calliptera","Ada Sanchez","2021-05-18 00:08:51","Spatial prediction","Identification of priority areas for conservation","NM","Native","1555","CO","Rsaurio","2020-10-29 10:08:11","In text","Conservation"
"86","ISI000328804300017","77",NA,"MaxEnt",NA,"Conservation",NA,NA,"Ada Sanchez","2021-05-17 23:00:02","Climate change","Evaluating or forecasting the effect of environmental changes","NM","Native","3112","NC","Rsaurio","2020-10-29 10:08:58","In text","Conservation"
"87","ISI000330162100016","12",NA,"GARP","museum collections,field work","Conservation",NA,NA,"JRFP","2021-05-14 10:27:57","Assessment of distribution","Identifying potential habitat","NM","Native","2964","MX","Rsaurio","2020-10-29 10:08:51","In text","Ecology"
"88","ISI000330162100016","12",NA,"GARP","museum collections,field work","Ecology",NA,NA,"JRFP","2021-05-14 10:27:57","Assessment of distribution","Identifying potential habitat","NM","Native","2964","MX","Rsaurio","2020-10-29 10:08:51","In text","Ecology"
"89","ISI000330162100016","12",NA,"GARP","museum collections,field work","Conservation",NA,NA,"JRFP","2021-05-14 10:27:57","Assessment of distribution","Threat distribution","NM","Native","2964","MX","Rsaurio","2020-10-29 10:08:51","In text","Ecology"
"90","ISI000330162100016","12",NA,"GARP","museum collections,field work","Ecology",NA,NA,"JRFP","2021-05-14 10:27:57","Assessment of distribution","Threat distribution","NM","Native","2964","MX","Rsaurio","2020-10-29 10:08:51","In text","Ecology"
"91","ISI000330618700015","9","hypothesis test,spatial prediction","Other_NMmodels","eBird",NA,NA,NA,"Ada Sanchez","2021-05-13 00:53:00",NA,NA,NA,NA,"4209","US","Rsaurio","2020-10-29 10:09:29","In text",NA
"92","ISI000330907800009","107",NA,"MaxEnt",NA,"Ecology",NA,NA,"Ada Sanchez","2021-05-27 08:21:02","Macroecology","Effect of biotic interactions on distribution","NM","Native","991","BR","Rsaurio","2020-10-29 10:06:06","In text","Ecology"
"93","ISI000336874100016","16","spatial prediction,measure of change","OM","museum collections,literature,field work","Ecology",NA,"Amazona mercenarius","JRFP","2021-05-14 03:45:51",NA,"Change in distribution driven by habitat loss",NA,"Native","4461","VE","Rsaurio","2020-10-29 10:10:12","In text",NA
"94","ISI000336874100016","16","spatial prediction,measure of change","Other_NMmodels","museum collections,literature,field work","Ecology",NA,"Amazona mercenarius","JRFP","2021-05-14 03:45:51",NA,"Change in distribution driven by habitat loss",NA,"Native","4461","VE","Rsaurio","2020-10-29 10:10:12","In text",NA
"95","ISI000338623400001","79",NA,"Other_NMmodels",NA,"Conservation",NA,"Calyptorhynchus latirostris","Ada Sanchez","2021-05-17 23:16:37","Spatial prediction","Resource distribution","NM","Native","374","AU","Rsaurio","2020-10-29 10:05:59","In text","Conservation"
"96","ISI000343187200020","115",NA,"MaxEnt",NA,"Ecology",NA,NA,"Ada Sanchez","2021-05-28 00:30:52","Relation with environmental variables","Identifying breeding habitat","NM","Native","2957","MX","Rsaurio","2020-10-29 10:08:51","In text","Ecology"
"97","ISI000343865300008","87",NA,"Other_NMmodels",NA,"Conservation",NA,NA,"Ada Sanchez","2021-05-18 00:02:09","Threats monitoring","Threat distribution","NM","Native","369","AU","Rsaurio","2020-10-29 10:05:59","In text","Conservation"
"98","ISI000347141900020","11",NA,"MaxEnt",NA,NA,NA,NA,"Ada Sanchez","2021-05-13 08:28:06",NA,NA,NA,NA,"2955","MX","Rsaurio","2020-10-29 10:08:51","In text",NA
"99","ISI000349378800002","19","range of occurrence","Other_NMmodels","literature,field work","Ecology",NA,NA,"Ada Sanchez","2021-05-14 09:47:34","Predictions of invasion risk","Establishment of non-native specie","NM","Non-native","2507","IT","Rsaurio","2020-10-29 10:08:38","In text","Invasion ecology"
"100","ISI000349509400010","119",NA,"MaxEnt",NA,"Conservation",NA,"Amazona farinosa,Amazona oratrix,Pyrilia haematotis,Pionus senilis,Amazona autumnalis,Amazona albifrons,Amazona xantholora,Eupsittula nana","Ada Sanchez","2021-05-28 00:58:28","Threats monitoring","Fragmentation effect","NM","Native","2959","MX","Rsaurio","2020-10-29 10:08:51","In text","Conservation"
"101","ISI000350353200001","74",NA,"MaxEnt",NA,"Conservation",NA,NA,"Ada Sanchez","2021-05-17 07:27:12","Climate change","Change in distribution driven by climate change","NM","Native","2948","MX","Rsaurio","2020-10-29 10:08:51","In text","Conservation"
"102","ISI000364228500003","18",NA,"Ensemble_Approach",NA,"Ecology",NA,NA,"ASM","2021-05-14 09:42:00","Relation with environmental variables","Identifying breeding habitat","NM","Native","4380","BO","Rsaurio","2020-10-29 10:10:10","In text","Ecology"
"103","ISI000364228500003","18",NA,"Ensemble_Approach",NA,"Ecology",NA,NA,"ASM","2021-05-14 09:42:00","Relation with environmental variables","Identifying breeding habitat","NM","Native","62","AR","Rsaurio","2020-10-29 10:05:56","In text","Ecology"
"104","ISI000367399900019","122",NA,"OM",NA,"Ecology",NA,NA,"Ada Sanchez","2021-05-28 01:11:17","Co-occurence of parrot species","Co-occurrence of interacting species","OM","Native","4379","BO","Rsaurio","2020-10-29 10:10:10","In text","Ecology"
"105","ISI000367399900019","122",NA,"OM",NA,"Ecology",NA,NA,"Ada Sanchez","2021-05-28 01:11:17","Co-occurence of parrot species","Co-occurrence of interacting species","OM","Native","4379","BO","Rsaurio","2020-10-29 10:10:10","In text","Ecology"
"106","ISI000367399900019","122",NA,"OM",NA,"Ecology",NA,NA,"Ada Sanchez","2021-05-28 01:11:17","Spatial prediction","Co-occurrence of interacting species","OM","Native","4379","BO","Rsaurio","2020-10-29 10:10:10","In text","Conservation"
"107","ISI000367399900019","122",NA,"OM",NA,"Ecology",NA,NA,"Ada Sanchez","2021-05-28 01:11:17","Relation with environmental variables","Co-occurrence of interacting species","OM","Native","4379","BO","Rsaurio","2020-10-29 10:10:10","In text","Ecology"
"108","ISI000367399900019","122",NA,"OM",NA,"Conservation",NA,NA,"Ada Sanchez","2021-05-28 01:11:17","Co-occurence of parrot species","Co-occurrence of interacting species","OM","Native","4379","BO","Rsaurio","2020-10-29 10:10:10","In text","Ecology"
"109","ISI000367399900019","122",NA,"OM",NA,"Conservation",NA,NA,"Ada Sanchez","2021-05-28 01:11:17","Co-occurence of parrot species","Co-occurrence of interacting species","OM","Native","4379","BO","Rsaurio","2020-10-29 10:10:10","In text","Ecology"
"110","ISI000367399900019","122",NA,"OM",NA,"Conservation",NA,NA,"Ada Sanchez","2021-05-28 01:11:17","Spatial prediction","Co-occurrence of interacting species","OM","Native","4379","BO","Rsaurio","2020-10-29 10:10:10","In text","Conservation"
"111","ISI000367399900019","122",NA,"OM",NA,"Conservation",NA,NA,"Ada Sanchez","2021-05-28 01:11:17","Relation with environmental variables","Co-occurrence of interacting species","OM","Native","4379","BO","Rsaurio","2020-10-29 10:10:10","In text","Ecology"
"112","ISI000367399900019","122",NA,"OM",NA,"Ecology",NA,NA,"Ada Sanchez","2021-05-28 01:11:17","Co-occurence of parrot species","Variables affecting distribution","OM","Native","4379","BO","Rsaurio","2020-10-29 10:10:10","In text","Ecology"
"113","ISI000367399900019","122",NA,"OM",NA,"Ecology",NA,NA,"Ada Sanchez","2021-05-28 01:11:17","Co-occurence of parrot species","Variables affecting distribution","OM","Native","4379","BO","Rsaurio","2020-10-29 10:10:10","In text","Ecology"
"114","ISI000367399900019","122",NA,"OM",NA,"Ecology",NA,NA,"Ada Sanchez","2021-05-28 01:11:17","Spatial prediction","Variables affecting distribution","OM","Native","4379","BO","Rsaurio","2020-10-29 10:10:10","In text","Conservation"
"115","ISI000367399900019","122",NA,"OM",NA,"Ecology",NA,NA,"Ada Sanchez","2021-05-28 01:11:17","Relation with environmental variables","Variables affecting distribution","OM","Native","4379","BO","Rsaurio","2020-10-29 10:10:10","In text","Ecology"
"116","ISI000367399900019","122",NA,"OM",NA,"Conservation",NA,NA,"Ada Sanchez","2021-05-28 01:11:17","Co-occurence of parrot species","Variables affecting distribution","OM","Native","4379","BO","Rsaurio","2020-10-29 10:10:10","In text","Ecology"
"117","ISI000367399900019","122",NA,"OM",NA,"Conservation",NA,NA,"Ada Sanchez","2021-05-28 01:11:17","Co-occurence of parrot species","Variables affecting distribution","OM","Native","4379","BO","Rsaurio","2020-10-29 10:10:10","In text","Ecology"
"118","ISI000367399900019","122",NA,"OM",NA,"Conservation",NA,NA,"Ada Sanchez","2021-05-28 01:11:17","Spatial prediction","Variables affecting distribution","OM","Native","4379","BO","Rsaurio","2020-10-29 10:10:10","In text","Conservation"
"119","ISI000367399900019","122",NA,"OM",NA,"Conservation",NA,NA,"Ada Sanchez","2021-05-28 01:11:17","Relation with environmental variables","Variables affecting distribution","OM","Native","4379","BO","Rsaurio","2020-10-29 10:10:10","In text","Ecology"
"120","ISI000367399900019","122",NA,"OM",NA,"Ecology",NA,NA,"Ada Sanchez","2021-05-28 01:11:17","Co-occurence of parrot species","Identification of priority areas for conservation","OM","Native","4379","BO","Rsaurio","2020-10-29 10:10:10","In text","Ecology"
"121","ISI000367399900019","122",NA,"OM",NA,"Ecology",NA,NA,"Ada Sanchez","2021-05-28 01:11:17","Co-occurence of parrot species","Identification of priority areas for conservation","OM","Native","4379","BO","Rsaurio","2020-10-29 10:10:10","In text","Ecology"
"122","ISI000367399900019","122",NA,"OM",NA,"Ecology",NA,NA,"Ada Sanchez","2021-05-28 01:11:17","Spatial prediction","Identification of priority areas for conservation","OM","Native","4379","BO","Rsaurio","2020-10-29 10:10:10","In text","Conservation"
"123","ISI000367399900019","122",NA,"OM",NA,"Ecology",NA,NA,"Ada Sanchez","2021-05-28 01:11:17","Relation with environmental variables","Identification of priority areas for conservation","OM","Native","4379","BO","Rsaurio","2020-10-29 10:10:10","In text","Ecology"
"124","ISI000367399900019","122",NA,"OM",NA,"Conservation",NA,NA,"Ada Sanchez","2021-05-28 01:11:17","Co-occurence of parrot species","Identification of priority areas for conservation","OM","Native","4379","BO","Rsaurio","2020-10-29 10:10:10","In text","Ecology"
"125","ISI000367399900019","122",NA,"OM",NA,"Conservation",NA,NA,"Ada Sanchez","2021-05-28 01:11:17","Co-occurence of parrot species","Identification of priority areas for conservation","OM","Native","4379","BO","Rsaurio","2020-10-29 10:10:10","In text","Ecology"
"126","ISI000367399900019","122",NA,"OM",NA,"Conservation",NA,NA,"Ada Sanchez","2021-05-28 01:11:17","Spatial prediction","Identification of priority areas for conservation","OM","Native","4379","BO","Rsaurio","2020-10-29 10:10:10","In text","Conservation"
"127","ISI000367399900019","122",NA,"OM",NA,"Conservation",NA,NA,"Ada Sanchez","2021-05-28 01:11:17","Relation with environmental variables","Identification of priority areas for conservation","OM","Native","4379","BO","Rsaurio","2020-10-29 10:10:10","In text","Ecology"
"128","ISI000370066200022","81",NA,"Ensemble_Approach",NA,"Invasion ecology","Global",NA,"Ada Sanchez","2021-05-17 23:28:57","Predictions of invasion risk","niche shift","NM","Non-native","5312","JP","Ada Sanchez","2021-05-17 23:29:32","False positive","Invasion ecology"
"129","ISI000370066200022","81",NA,"Ensemble_Approach",NA,"Invasion ecology","Global",NA,"Ada Sanchez","2021-05-17 23:28:57","Predictions of invasion risk","niche shift","NM","Non-native","5311","SG","Ada Sanchez","2021-05-17 23:29:16","False positive","Invasion ecology"
"130","ISI000374258900003","157",NA,"Regression_Models",NA,"Conservation",NA,NA,"Ada Sanchez","2021-06-01 06:08:23","Threats monitoring","Effect of conservation actions","RSF","Native","3278","NZ","Rsaurio","2020-10-29 10:09:02","In text","Conservation"
"131","ISI000384873700024","60",NA,"MaxEnt",NA,NA,NA,NA,"JRFP","2021-05-17 05:53:30",NA,"Identifying potential habitat","NM","Native","2934","MX","Rsaurio","2020-10-29 10:08:51","In text",NA
"132","ISI000384873700024","60",NA,"MaxEnt",NA,NA,NA,NA,"JRFP","2021-05-17 05:53:30",NA,"Coverage by Protected Areas","NM","Native","2934","MX","Rsaurio","2020-10-29 10:08:51","In text",NA
"133","ISI000384873700024","60",NA,"MaxEnt",NA,NA,NA,NA,"JRFP","2021-05-17 05:53:30",NA,"Change in distribution driven by habitat loss","NM","Native","2934","MX","Rsaurio","2020-10-29 10:08:51","In text",NA
"134","ISI000384873700024","60",NA,"MaxEnt",NA,NA,NA,NA,"JRFP","2021-05-17 05:53:30",NA,"Identifying potential habitat","NM","Native","2794","MO","Rsaurio","2020-10-29 10:08:48","In text",NA
"135","ISI000384873700024","60",NA,"MaxEnt",NA,NA,NA,NA,"JRFP","2021-05-17 05:53:30",NA,"Coverage by Protected Areas","NM","Native","2794","MO","Rsaurio","2020-10-29 10:08:48","In text",NA
"136","ISI000384873700024","60",NA,"MaxEnt",NA,NA,NA,NA,"JRFP","2021-05-17 05:53:30",NA,"Change in distribution driven by habitat loss","NM","Native","2794","MO","Rsaurio","2020-10-29 10:08:48","In text",NA
"137","ISI000393199400011","142",NA,"OM",NA,"Conservation",NA,NA,"Ada Sanchez","2021-06-01 02:23:17","Threats monitoring","Threat effect on distribution/occupancy","OM","Native","321","AU","Rsaurio","2020-10-29 10:05:59","In text","Conservation"
"138","ISI000399810100018","105",NA,"Regression_Models",NA,"Invasion ecology",NA,NA,"Ada Sanchez","2021-05-27 06:48:46","Predictions of invasion risk","Potential range of invasive species","NM","Non-native","300","AU","Rsaurio","2020-10-29 10:05:59","In text","Invasion ecology"
"139","ISI000407080100003","160",NA,"Other_NMmodels",NA,"Conservation",NA,NA,"Ada Sanchez","2021-06-01 06:47:27","Spatial prediction","Resource distribution","NM","Native","4374","BO","Rsaurio","2020-10-29 10:10:10","In text","Conservation"
"140","ISI000408449700003","128",NA,"OM",NA,"Conservation",NA,"Poicephalus robustus","Ada Sanchez","2021-05-28 01:48:36","Threats monitoring","Change in distribution driven by habitat loss","OM","Native","4286","ZA","Rsaurio","2020-10-29 10:09:34","In text","Conservation"
"141","ISI000417917800008","78",NA,"MaxEnt",NA,"Conservation",NA,"Psittacus erithacus,Psittacula krameri,Psittacara mitratus,Psittacara frontatus,Poicephalus senegalus,Amazona amazonica,Amazona ochrocephala,Ara ararauna,Ara chloropterus,Cyanoliseus patagonus,Myiopsitta monachus,Poicephalus gulielmi","Ada Sanchez","2021-05-17 23:06:53","Spatial prediction","Effect of conservation actions","NM","Non-native","4238","US","Ada Sanchez","2021-05-17 23:07:32","False positive","Conservation"
"142","ISI000418999900019","86",NA,"MaxEnt",NA,"Ecology",NA,NA,"Ada Sanchez","2021-05-17 23:58:19","Relation with environmental variables","Variables affecting distribution","NM","Native","2923","MX","Rsaurio","2020-10-29 10:08:51","In text","Ecology"
"143","ISI000426506100003","91",NA,"OM",NA,"Conservation",NA,NA,"Ada Sanchez","2021-05-18 00:29:24","Climate change","Change in distribution driven by climate change","OM","Native","4283","ZA","Rsaurio","2020-10-29 10:09:34","In text","Conservation"
"144","ISI000448856300001","10",NA,"MaxEnt","eBird",NA,NA,NA,"JRFP","2021-05-14 11:15:22",NA,"Potential range of invasive species","NM","Non-native","3739","PR","Rsaurio","2020-10-29 10:09:06","In text",NA
"145","ISI000452732100007","25",NA,"MaxEnt",NA,NA,NA,NA,"Ada Sanchez","2021-05-14 11:37:08",NA,"Variables affecting distribution","NM","Native","4368","BO","Rsaurio","2020-10-29 10:10:10","In text",NA
"146","ISI000477805900013","73",NA,"MaxEnt",NA,"Conservation","Côte d’Ivoire,Liberia,Guinea",NA,"Ada Sanchez","2021-05-17 07:25:01","Climate change","Change in distribution driven by climate change","NM","Native","4810","ML","Rsaurio","2020-10-29 10:08:52","False positive","Conservation"
"147","ISI000482449400006","13",NA,"MaxEnt",NA,"Ecology",NA,NA,"JRFP","2021-05-14 03:28:35",NA,NA,"RSF","Native","4351","ZM","Rsaurio","2020-10-29 10:09:34","In text",NA
"148","ISI000482449400006","13",NA,"MaxEnt",NA,"Ecology",NA,NA,"JRFP","2021-05-14 03:28:35",NA,NA,"NM","Native","4351","ZM","Rsaurio","2020-10-29 10:09:34","In text",NA
"149","ISI000482449400006","13",NA,"Regression_Models",NA,"Ecology",NA,NA,"JRFP","2021-05-14 03:28:35",NA,NA,"RSF","Native","4351","ZM","Rsaurio","2020-10-29 10:09:34","In text",NA
"150","ISI000482449400006","13",NA,"Regression_Models",NA,"Ecology",NA,NA,"JRFP","2021-05-14 03:28:35",NA,NA,"NM","Native","4351","ZM","Rsaurio","2020-10-29 10:09:34","In text",NA
"151","ISI000501192700003","112",NA,"MaxEnt",NA,"Ecology",NA,NA,"Ada Sanchez","2021-05-27 08:36:52","Relation with environmental variables","Variables affecting distribution","NM","Native","476","AU","Rsaurio","2020-10-29 10:05:59","In text","Ecology"
"152","ISI000501640800006","116",NA,"Ensemble_Approach",NA,"Ecology",NA,NA,"Ada Sanchez","2021-05-28 00:37:35","Climate change","Change in distribution driven by climate change","NM","Native","475","AU","Rsaurio","2020-10-29 10:05:59","In text","Conservation"
"153","ISI000517406000001","159",NA,"Ensemble_Approach",NA,"Invasion ecology",NA,NA,"Ada Sanchez","2021-06-01 06:36:53","Predictions of invasion risk","Potential range of invasive species","NM",NA,"4309","ZA","Rsaurio","2020-10-29 10:09:34","In text","Invasion ecology"
"154","ISI000517406000001","159",NA,"Ensemble_Approach",NA,"Invasion ecology",NA,NA,"Ada Sanchez","2021-06-01 06:36:53","Invasion effect","Potential range of invasive species","NM",NA,"4309","ZA","Rsaurio","2020-10-29 10:09:34","In text","Invasion ecology"
"155","ISI000517406000001","159",NA,"Ensemble_Approach",NA,"Invasion ecology",NA,NA,"Ada Sanchez","2021-06-01 06:36:53","Predictions of invasion risk","Impacts on native species","NM",NA,"4309","ZA","Rsaurio","2020-10-29 10:09:34","In text","Invasion ecology"
"156","ISI000517406000001","159",NA,"Ensemble_Approach",NA,"Invasion ecology",NA,NA,"Ada Sanchez","2021-06-01 06:36:53","Invasion effect","Impacts on native species","NM",NA,"4309","ZA","Rsaurio","2020-10-29 10:09:34","In text","Invasion ecology"
"157","ISI000517406000001","159",NA,"Ensemble_Approach",NA,"Invasion ecology",NA,NA,"Ada Sanchez","2021-06-01 06:36:53","Predictions of invasion risk","Conflicts with human activities","NM",NA,"4309","ZA","Rsaurio","2020-10-29 10:09:34","In text","Invasion ecology"
"158","ISI000517406000001","159",NA,"Ensemble_Approach",NA,"Invasion ecology",NA,NA,"Ada Sanchez","2021-06-01 06:36:53","Invasion effect","Conflicts with human activities","NM",NA,"4309","ZA","Rsaurio","2020-10-29 10:09:34","In text","Invasion ecology"
"159","ISI000556843900031","90",NA,"OM",NA,"Methodological issues",NA,NA,"Ada Sanchez","2021-05-18 00:23:46","Improving estimation","Factors affecting distribution estimation","OM","Native","3783","PY","Rsaurio","2020-10-29 10:09:08","In text","Methodological issues"
"160","ISI000556843900031","90",NA,"OM",NA,"Methodological issues",NA,NA,"Ada Sanchez","2021-05-18 00:23:46","Improving estimation","Factors affecting distribution estimation","OM","Native","1041","BR","Rsaurio","2020-10-29 10:06:06","In text","Methodological issues"
"161","ISI000556843900031","90",NA,"OM",NA,"Methodological issues",NA,NA,"Ada Sanchez","2021-05-18 00:23:46","Improving estimation","Factors affecting distribution estimation","OM","Native","86","AR","Rsaurio","2020-10-29 10:05:56","In text","Methodological issues"
"162","ISI000561132900001","101",NA,"MaxEnt",NA,"evolution",NA,NA,"Ada Sanchez","2021-05-21 03:59:44","Biogeographic patterns","Change in historical distribution","NM","Native","1599","CR","Rsaurio","2020-10-29 10:08:12","In text","evolution"
"163","ISI000561132900001","101",NA,"MaxEnt",NA,"evolution",NA,NA,"Ada Sanchez","2021-05-21 03:59:44","Biogeographic patterns","Change in historical distribution","NM","Native","3562","PA","Rsaurio","2020-10-29 10:09:03","In text","evolution"
"164","ISI000561132900001","101",NA,"MaxEnt",NA,"evolution",NA,NA,"Ada Sanchez","2021-05-21 03:59:44","Biogeographic patterns","Change in historical distribution","NM","Native","2977","MX","Rsaurio","2020-10-29 10:08:51","In text","evolution"
"165","ISI000562466300006","33",NA,"OM","field work",NA,NA,NA,"JRFP","2021-05-17 01:40:26",NA,"Determining areas for intensive searches or ecological studies","OM","Native","4480","VE","Rsaurio","2020-10-31 11:04:33","Study location",NA
"166","ISI000562466300006","33",NA,"OM","field work",NA,NA,NA,"JRFP","2021-05-17 01:40:26",NA,"Variables affecting distribution","OM","Native","4480","VE","Rsaurio","2020-10-31 11:04:33","Study location",NA
"167","ISI000562466300006","33",NA,"OM","field work",NA,NA,NA,"JRFP","2021-05-17 01:40:26",NA,"Determining areas for intensive searches or ecological studies","OM","Native","5246","MO","Rsaurio","2020-10-31 11:04:19","False positive",NA
"168","ISI000562466300006","33",NA,"OM","field work",NA,NA,NA,"JRFP","2021-05-17 01:40:26",NA,"Variables affecting distribution","OM","Native","5246","MO","Rsaurio","2020-10-31 11:04:19","False positive",NA
"169","ISI000572153000001","147",NA,"OM",NA,"Conservation",NA,NA,"Ada Sanchez","2021-06-01 05:43:55","Spatial prediction","Effect of conservation actions","OM","Non-native","444","AU","Rsaurio","2020-10-29 10:05:59","In text","Conservation"
"170","ISI000572153000001","147",NA,"OM",NA,"Conservation",NA,NA,"Ada Sanchez","2021-06-01 05:43:55","Predictions of invasion risk","Effect of conservation actions","OM","Non-native","444","AU","Rsaurio","2020-10-29 10:05:59","In text","Invasion ecology"
"171","ISI000572153000001","147",NA,"OM",NA,"Invasion ecology",NA,NA,"Ada Sanchez","2021-06-01 05:43:55","Spatial prediction","Effect of conservation actions","OM","Non-native","444","AU","Rsaurio","2020-10-29 10:05:59","In text","Conservation"
"172","ISI000572153000001","147",NA,"OM",NA,"Invasion ecology",NA,NA,"Ada Sanchez","2021-06-01 05:43:55","Predictions of invasion risk","Effect of conservation actions","OM","Non-native","444","AU","Rsaurio","2020-10-29 10:05:59","In text","Invasion ecology"
"173","ISI000572153000001","147",NA,"OM",NA,"Conservation",NA,NA,"Ada Sanchez","2021-06-01 05:43:55","Spatial prediction","Establishment of non-native specie","OM","Non-native","444","AU","Rsaurio","2020-10-29 10:05:59","In text","Conservation"
"174","ISI000572153000001","147",NA,"OM",NA,"Conservation",NA,NA,"Ada Sanchez","2021-06-01 05:43:55","Predictions of invasion risk","Establishment of non-native specie","OM","Non-native","444","AU","Rsaurio","2020-10-29 10:05:59","In text","Invasion ecology"
"175","ISI000572153000001","147",NA,"OM",NA,"Invasion ecology",NA,NA,"Ada Sanchez","2021-06-01 05:43:55","Spatial prediction","Establishment of non-native specie","OM","Non-native","444","AU","Rsaurio","2020-10-29 10:05:59","In text","Conservation"
"176","ISI000572153000001","147",NA,"OM",NA,"Invasion ecology",NA,NA,"Ada Sanchez","2021-06-01 05:43:55","Predictions of invasion risk","Establishment of non-native specie","OM","Non-native","444","AU","Rsaurio","2020-10-29 10:05:59","In text","Invasion ecology"
