internalTaxonId,scientificName,kingdomName,phylumName,orderName,className,familyName,genusName,speciesName,infraType,infraName,infraAuthority,subpopulationName,authority,taxonomicNotes
22684488,Chalcopsitta atra,ANIMALIA,CHORDATA,PSITTACIFORMES,AVES,PSITTACIDAE,Chalcopsitta,atra,,,,,"(Scopoli, 1786)",
22684494,Chalcopsitta scintillata,ANIMALIA,CHORDATA,PSITTACIFORMES,AVES,PSITTACIDAE,Chalcopsitta,scintillata,,,,,"Temminck, 1835",<em>Chalcopsitta scintillata</em> (del Hoyo and Collar 2014) was previously listed as <em>C. sintillata</em>.
22684499,Chalcopsitta cardinalis,ANIMALIA,CHORDATA,PSITTACIFORMES,AVES,PSITTACIDAE,Chalcopsitta,cardinalis,,,,,"(Gray, 1849)",
22684502,Eos histrio,ANIMALIA,CHORDATA,PSITTACIFORMES,AVES,PSITTACIDAE,Eos,histrio,,,,,"(Müller, 1776)",
22684506,Eos squamata,ANIMALIA,CHORDATA,PSITTACIFORMES,AVES,PSITTACIDAE,Eos,squamata,,,,,"(Boddaert, 1783)",
22684519,Eos cyanogenia,ANIMALIA,CHORDATA,PSITTACIFORMES,AVES,PSITTACIDAE,Eos,cyanogenia,,,,,"Bonaparte, 1850",
22684528,Pseudeos fuscata,ANIMALIA,CHORDATA,PSITTACIFORMES,AVES,PSITTACIDAE,Pseudeos,fuscata,,,,,"(Blyth, 1858)",
22684531,Trichoglossus ornatus,ANIMALIA,CHORDATA,PSITTACIFORMES,AVES,PSITTACIDAE,Trichoglossus,ornatus,,,,,"(Linnaeus, 1758)",
22684548,Trichoglossus euteles,ANIMALIA,CHORDATA,PSITTACIFORMES,AVES,PSITTACIDAE,Trichoglossus,euteles,,,,,"(Temminck, 1835)",
22684559,Trichoglossus johnstoniae,ANIMALIA,CHORDATA,PSITTACIFORMES,AVES,PSITTACIDAE,Trichoglossus,johnstoniae,,,,,"Hartert, 1903",
22684564,Trichoglossus rubiginosus,ANIMALIA,CHORDATA,PSITTACIFORMES,AVES,PSITTACIDAE,Trichoglossus,rubiginosus,,,,,"(Bonaparte, 1850)",
22684570,Psitteuteles versicolor,ANIMALIA,CHORDATA,PSITTACIFORMES,AVES,PSITTACIDAE,Psitteuteles,versicolor,,,,,"Lear, 1831",
22684573,Trichoglossus iris,ANIMALIA,CHORDATA,PSITTACIFORMES,AVES,PSITTACIDAE,Trichoglossus,iris,,,,,"(Temminck, 1835)","<p><span lang=""FR""><em>Trichoglossus iris </em>(Handbook of the Birds of the World and BirdLife International 2020) was previously listed as <em>Psitteteules iris </em>(del Hoyo <em>et al. </em>2014).<br/><br/>Schweizer <em>et al</em>. (2015) demonstrate that <em>iris</em> belongs in <em>Trichoglossus</em>, as Rosemary Low has always judged (‘Iris… is clearly a <em>Trichoglossus</em> in behaviour’: Low 2016: 99).<br/><br/>If there was a reason for grouping the three species together under the name <em>Psitteuteles</em>, it appears to be because they exclusively possess a bright red crown. No member of <em>Trichoglossus</em> does so, although Pohnpei Lorikeet <em>T. rubiginosus</em> has a dark red base colour that includes the crown. Apart from this, however, all three <em>Psitteuteles</em> are rather divergent from each other:</p><p><br/>·&#160;&#160;&#160;&#160;&#160;&#160; <em>P. versicolor</em> has an orange bill, broad white eye-ring and nares, yellow ear-coverts, green rest of body covered in bold yellow streaks and with a continuous pale dull blue around the throat, postocular area, necksides and hindcollar and a vague reddish wash to the upper breast and lower collar;</p><p><br/>·&#160;&#160;&#160;&#160;&#160;&#160; <em>P. goldiei</em> has a black bill, purplish-red ear-coverts, lower face and throat, blackish-blue postocular line forming a band across the nape, green-streaked pale yellowish-green underparts, necksides and broad hindcollar, and darkish-green rest of plumage;</p><p><br/>·&#160;&#160;&#160;&#160;&#160;&#160; <em>P. iris</em> has an orange bill, continuous purplish-blue postocular line and ear-coverts, greenish-yellow hindcollar bordered below by pale bright green lower hindcollar continuous with necksides, lower face and throat, yellowish-green underparts with vague dark narrow dark green bars across the breast, and green upperparts.</p><p><br/>Apart from the red crown and the green base plumage colour, the only character that <em>P. versicolor</em> has in common with <em>P. iris</em> is the orange bill, and the only character that <em>P. goldiei</em> has with <em>P. iris</em> is the postocular darkish blue (although this continues to different areas) and, perhaps, the reddish throat that is vaguely present in <em>P. r. rubropileum</em> and <em>P. i. wetterensis</em>.</p><p><br/>Notably, whereas <em>P. versicolor</em> and <em>P. goldiei</em> are both heavily streaked (albeit very different colours), <em>P. iris</em> has a muted pattern of transverse bars on the breast, and this character allies it with all species of <em>Trichoglossus</em>, even Olive-headed Lorikeet <em>T. euteles</em>, the underparts of which are plain yellowish-green but show (at least in some specimens) an extremely vague broad barring involving slightly more olive colour. Moreover, <em>P. iris</em> has the pale greenish-yellow hindcollar shown by most members of the Rainbow Lorikeet <em>T. haematodus</em> complex. The continuous purplish-blue postocular line and ear-coverts is shared with <em>T. ornatus</em> while, viewed ventrally, <em>P. iris</em> is most similar, among all species of <em>Psitteuteles</em> and <em>Trichoglossus</em>, to <em>P. euteles</em>, with which it co-occurs on Timor (elevationally separate). Schweizer <em>et al</em>. (2015) find a close link between <em>T. iris</em> and <em>T. ornatus</em>.</p>"
22684586,Lorius domicella,ANIMALIA,CHORDATA,PSITTACIFORMES,AVES,PSITTACIDAE,Lorius,domicella,,,,,"(Linnaeus, 1758)",
22684597,Lorius hypoinochrous,ANIMALIA,CHORDATA,PSITTACIFORMES,AVES,PSITTACIDAE,Lorius,hypoinochrous,,,,,"Gray, 1859",
22684603,Lorius albidinucha,ANIMALIA,CHORDATA,PSITTACIFORMES,AVES,PSITTACIDAE,Lorius,albidinucha,,,,,"(Rothschild & Hartert, 1924)",
22684624,Phigys solitarius,ANIMALIA,CHORDATA,PSITTACIFORMES,AVES,PSITTACIDAE,Phigys,solitarius,,,,,"(Suckow, 1800)",
22684627,Vini australis,ANIMALIA,CHORDATA,PSITTACIFORMES,AVES,PSITTACIDAE,Vini,australis,,,,,"(Gmelin, 1788)",
22684630,Vini kuhlii,ANIMALIA,CHORDATA,PSITTACIFORMES,AVES,PSITTACIDAE,Vini,kuhlii,,,,,"(Vigors, 1824)",
22684636,Vini stepheni,ANIMALIA,CHORDATA,PSITTACIFORMES,AVES,PSITTACIDAE,Vini,stepheni,,,,,"(North, 1908)",
22684652,Glossopsitta concinna,ANIMALIA,CHORDATA,PSITTACIFORMES,AVES,PSITTACIDAE,Glossopsitta,concinna,,,,,"(Shaw, 1791)",
22684655,Glossopsitta pusilla,ANIMALIA,CHORDATA,PSITTACIFORMES,AVES,PSITTACIDAE,Glossopsitta,pusilla,,,,,"(Shaw, 1790)",
22684658,Glossopsitta porphyrocephala,ANIMALIA,CHORDATA,PSITTACIFORMES,AVES,PSITTACIDAE,Glossopsitta,porphyrocephala,,,,,"(Dietrichsen, 1837)",
22684661,Charmosyna palmarum,ANIMALIA,CHORDATA,PSITTACIFORMES,AVES,PSITTACIDAE,Charmosyna,palmarum,,,,,"(Gmelin, 1788)",
22684665,Charmosyna rubrigularis,ANIMALIA,CHORDATA,PSITTACIFORMES,AVES,PSITTACIDAE,Charmosyna,rubrigularis,,,,,"(Sclater, 1881)",
22684668,Charmosyna meeki,ANIMALIA,CHORDATA,PSITTACIFORMES,AVES,PSITTACIDAE,Charmosyna,meeki,,,,,"(Rothschild & Hartert, 1901)",
22684675,Charmosyna multistriata,ANIMALIA,CHORDATA,PSITTACIFORMES,AVES,PSITTACIDAE,Charmosyna,multistriata,,,,,"(Rothschild, 1911)",
22684680,Charmosyna wilhelminae,ANIMALIA,CHORDATA,PSITTACIFORMES,AVES,PSITTACIDAE,Charmosyna,wilhelminae,,,,,"(Meyer, 1874)",
22684683,Charmosyna rubronotata,ANIMALIA,CHORDATA,PSITTACIFORMES,AVES,PSITTACIDAE,Charmosyna,rubronotata,,,,,"(Wallace, 1862)",
22684686,Charmosyna placentis,ANIMALIA,CHORDATA,PSITTACIFORMES,AVES,PSITTACIDAE,Charmosyna,placentis,,,,,"(Temminck, 1834)",
22684697,Charmosyna margarethae,ANIMALIA,CHORDATA,PSITTACIFORMES,AVES,PSITTACIDAE,Charmosyna,margarethae,,,,,"Tristram, 1879",
22684701,Charmosyna pulchella,ANIMALIA,CHORDATA,PSITTACIFORMES,AVES,PSITTACIDAE,Charmosyna,pulchella,,,,,"Gray, 1859",
22684704,Charmosyna josefinae,ANIMALIA,CHORDATA,PSITTACIFORMES,AVES,PSITTACIDAE,Charmosyna,josefinae,,,,,"(Finsch, 1873)",
22684714,Oreopsittacus arfaki,ANIMALIA,CHORDATA,PSITTACIFORMES,AVES,PSITTACIDAE,Oreopsittacus,arfaki,,,,,"(Meyer, 1874)",
22684717,Neopsittacus musschenbroekii,ANIMALIA,CHORDATA,PSITTACIFORMES,AVES,PSITTACIDAE,Neopsittacus,musschenbroekii,,,,,"(Schlegel, 1871)",
22684720,Neopsittacus pullicauda,ANIMALIA,CHORDATA,PSITTACIFORMES,AVES,PSITTACIDAE,Neopsittacus,pullicauda,,,,,"Hartert, 1896",
22684723,Probosciger aterrimus,ANIMALIA,CHORDATA,PSITTACIFORMES,AVES,CACATUIDAE,Probosciger,aterrimus,,,,,"(Gmelin, 1788)",
22684727,Zanda baudinii,ANIMALIA,CHORDATA,PSITTACIFORMES,AVES,CACATUIDAE,Zanda,baudinii,,,,,"(Lear, 1832)",<em>Zanda baudinii</em> (del Hoyo and Collar 2014) was previously placed in the genus <em>Calyptorhynchus</em>.
22684733,Zanda latirostris,ANIMALIA,CHORDATA,PSITTACIFORMES,AVES,CACATUIDAE,Zanda,latirostris,,,,,"(Carnaby, 1948)",<em>Zanda latirostris</em> (del Hoyo and Collar 2014) was previously placed in the genus <em>Calyptorhynchus</em>.
22684739,Zanda funerea,ANIMALIA,CHORDATA,PSITTACIFORMES,AVES,CACATUIDAE,Zanda,funerea,,,,,"(Shaw, 1794)",<em>Zanda funerea</em> (del Hoyo and Collar 2014) was previously placed in the genus <em>Calyptorhynchus </em>as <em>C. funereus</em>.
22684744,Calyptorhynchus banksii,ANIMALIA,CHORDATA,PSITTACIFORMES,AVES,CACATUIDAE,Calyptorhynchus,banksii,,,,,"(Latham, 1790)",
22684749,Calyptorhynchus lathami,ANIMALIA,CHORDATA,PSITTACIFORMES,AVES,CACATUIDAE,Calyptorhynchus,lathami,,,,,"(Temminck, 1807)",
22684784,Cacatua moluccensis,ANIMALIA,CHORDATA,PSITTACIFORMES,AVES,CACATUIDAE,Cacatua,moluccensis,,,,,"(Gmelin, 1788)",
22684816,Cacatua pastinator,ANIMALIA,CHORDATA,PSITTACIFORMES,AVES,CACATUIDAE,Cacatua,pastinator,,,,,"(Gould, 1841)",
22684820,Cacatua tenuirostris,ANIMALIA,CHORDATA,PSITTACIFORMES,AVES,CACATUIDAE,Cacatua,tenuirostris,,,,,"(Kuhl, 1820)",
22684834,Nestor productus,ANIMALIA,CHORDATA,PSITTACIFORMES,AVES,STRIGOPIDAE,Nestor,productus,,,,,"(Gould, 1836)",
22684840,Nestor meridionalis,ANIMALIA,CHORDATA,PSITTACIFORMES,AVES,STRIGOPIDAE,Nestor,meridionalis,,,,,"(Gmelin, 1788)",
22684845,Micropsitta keiensis,ANIMALIA,CHORDATA,PSITTACIFORMES,AVES,PSITTACIDAE,Micropsitta,keiensis,,,,,"(Salvadori, 1875)",
22684850,Micropsitta geelvinkiana,ANIMALIA,CHORDATA,PSITTACIFORMES,AVES,PSITTACIDAE,Micropsitta,geelvinkiana,,,,,"(Schlegel, 1871)",
22684856,Micropsitta pusio,ANIMALIA,CHORDATA,PSITTACIFORMES,AVES,PSITTACIDAE,Micropsitta,pusio,,,,,"(Sclater, 1866)",
22684861,Micropsitta meeki,ANIMALIA,CHORDATA,PSITTACIFORMES,AVES,PSITTACIDAE,Micropsitta,meeki,,,,,"Rothschild & Hartert, 1924",
22684866,Micropsitta finschii,ANIMALIA,CHORDATA,PSITTACIFORMES,AVES,PSITTACIDAE,Micropsitta,finschii,,,,,"(Ramsay, 1881)",
22684871,Micropsitta bruijnii,ANIMALIA,CHORDATA,PSITTACIFORMES,AVES,PSITTACIDAE,Micropsitta,bruijnii,,,,,"(Salvadori, 1875)",
22684903,Psittaculirostris edwardsii,ANIMALIA,CHORDATA,PSITTACIFORMES,AVES,PSITTACIDAE,Psittaculirostris,edwardsii,,,,,"(Oustalet, 1885)",
22684908,Psittaculirostris salvadorii,ANIMALIA,CHORDATA,PSITTACIFORMES,AVES,PSITTACIDAE,Psittaculirostris,salvadorii,,,,,"(Oustalet, 1880)",
22684914,Bolbopsittacus lunulatus,ANIMALIA,CHORDATA,PSITTACIFORMES,AVES,PSITTACIDAE,Bolbopsittacus,lunulatus,,,,,"(Scopoli, 1786)",
22684925,Psittacella brehmii,ANIMALIA,CHORDATA,PSITTACIFORMES,AVES,PSITTACIDAE,Psittacella,brehmii,,,,,"Schlegel, 1873",
22684935,Psittacella modesta,ANIMALIA,CHORDATA,PSITTACIFORMES,AVES,PSITTACIDAE,Psittacella,modesta,,,,,"Schlegel, 1873",
22684940,Psittacella madaraszi,ANIMALIA,CHORDATA,PSITTACIFORMES,AVES,PSITTACIDAE,Psittacella,madaraszi,,,,,"Meyer, 1886",
22684948,Geoffroyus simplex,ANIMALIA,CHORDATA,PSITTACIFORMES,AVES,PSITTACIDAE,Geoffroyus,simplex,,,,,"(Meyer, 1874)",
22684960,Prioniturus waterstradti,ANIMALIA,CHORDATA,PSITTACIFORMES,AVES,PSITTACIDAE,Prioniturus,waterstradti,,,,,"Rothschild, 1904",
22684964,Prioniturus platenae,ANIMALIA,CHORDATA,PSITTACIFORMES,AVES,PSITTACIDAE,Prioniturus,platenae,,,,,"Blasius, 1888",
22684991,Prioniturus flavicans,ANIMALIA,CHORDATA,PSITTACIFORMES,AVES,PSITTACIDAE,Prioniturus,flavicans,,,,,"Cassin, 1853",
22685001,Prioniturus mada,ANIMALIA,CHORDATA,PSITTACIFORMES,AVES,PSITTACIDAE,Prioniturus,mada,,,,,"Hartert, 1900",
22685006,Tanygnathus megalorynchos,ANIMALIA,CHORDATA,PSITTACIFORMES,AVES,PSITTACIDAE,Tanygnathus,megalorynchos,,,,,"(Boddaert, 1783)",
22685029,Prosopeia splendens,ANIMALIA,CHORDATA,PSITTACIFORMES,AVES,PSITTACIDAE,Prosopeia,splendens,,,,,"(Peale, 1848)",
22685035,Prosopeia personata,ANIMALIA,CHORDATA,PSITTACIFORMES,AVES,PSITTACIDAE,Prosopeia,personata,,,,,"(Gray, 1848)",
22685046,Alisterus scapularis,ANIMALIA,CHORDATA,PSITTACIFORMES,AVES,PSITTACIDAE,Alisterus,scapularis,,,,,"(Lichtenstein, 1818)",
22685051,Alisterus amboinensis,ANIMALIA,CHORDATA,PSITTACIFORMES,AVES,PSITTACIDAE,Alisterus,amboinensis,,,,,"(Linnaeus, 1766)",
22685058,Alisterus chloropterus,ANIMALIA,CHORDATA,PSITTACIFORMES,AVES,PSITTACIDAE,Alisterus,chloropterus,,,,,"(Ramsay, 1879)",
22685063,Aprosmictus jonquillaceus,ANIMALIA,CHORDATA,PSITTACIFORMES,AVES,PSITTACIDAE,Aprosmictus,jonquillaceus,,,,,"(Vieillot, 1818)",
22685069,Aprosmictus erythropterus,ANIMALIA,CHORDATA,PSITTACIFORMES,AVES,PSITTACIDAE,Aprosmictus,erythropterus,,,,,"(Gmelin, 1788)",
22685078,Polytelis anthopeplus,ANIMALIA,CHORDATA,PSITTACIFORMES,AVES,PSITTACIDAE,Polytelis,anthopeplus,,,,,"(Lear, 1831)",
22685081,Polytelis alexandrae,ANIMALIA,CHORDATA,PSITTACIFORMES,AVES,PSITTACIDAE,Polytelis,alexandrae,,,,,"Gould, 1863",
22685087,Purpureicephalus spurius,ANIMALIA,CHORDATA,PSITTACIFORMES,AVES,PSITTACIDAE,Purpureicephalus,spurius,,,,,"(Kuhl, 1820)",
22685090,Barnardius zonarius,ANIMALIA,CHORDATA,PSITTACIFORMES,AVES,PSITTACIDAE,Barnardius,zonarius,,,,,"(Vigors &amp; Horsfield, 1827)",<p><span><em><br/></em><span></span></p>
22685104,Platycercus caledonicus,ANIMALIA,CHORDATA,PSITTACIFORMES,AVES,PSITTACIDAE,Platycercus,caledonicus,,,,,"(Gmelin, 1788)",
22685119,Platycercus venustus,ANIMALIA,CHORDATA,PSITTACIFORMES,AVES,PSITTACIDAE,Platycercus,venustus,,,,,"(Kuhl, 1820)",
22685122,Platycercus adscitus,ANIMALIA,CHORDATA,PSITTACIFORMES,AVES,PSITTACIDAE,Platycercus,adscitus,,,,,"(Latham, 1790)",
22685126,Platycercus eximius,ANIMALIA,CHORDATA,PSITTACIFORMES,AVES,PSITTACIDAE,Platycercus,eximius,,,,,"(Shaw, 1792)",
22685130,Platycercus icterotis,ANIMALIA,CHORDATA,PSITTACIFORMES,AVES,PSITTACIDAE,Platycercus,icterotis,,,,,"(Kuhl, 1820)",
22685135,Northiella haematogaster,ANIMALIA,CHORDATA,PSITTACIFORMES,AVES,PSITTACIDAE,Northiella,haematogaster,,,,,"(Gould, 1838)",
22685139,Psephotus haematonotus,ANIMALIA,CHORDATA,PSITTACIFORMES,AVES,PSITTACIDAE,Psephotus,haematonotus,,,,,"(Gould, 1838)",
22685142,Psephotellus varius,ANIMALIA,CHORDATA,PSITTACIFORMES,AVES,PSITTACIDAE,Psephotellus,varius,,,,,"(Clark, 1910)",<em>Psephotellus varius</em> (del Hoyo and Collar 2014) was previously placed in the genus <em>Psephotus</em>.
22685145,Psephotellus dissimilis,ANIMALIA,CHORDATA,PSITTACIFORMES,AVES,PSITTACIDAE,Psephotellus,dissimilis,,,,,"(Collett, 1898)",<em>Psephotellus dissimilis</em> (del Hoyo and Collar 2014) was previously placed in the genus <em>Psephotus</em>.
22685150,Psephotellus chrysopterygius,ANIMALIA,CHORDATA,PSITTACIFORMES,AVES,PSITTACIDAE,Psephotellus,chrysopterygius,,,,,"(Gould, 1858)",<em>Psephotellus chrysopterygius</em> (del Hoyo and Collar 2014) was previously placed in the genus <em>Psephotus</em>.
22685156,Psephotellus pulcherrimus,ANIMALIA,CHORDATA,PSITTACIFORMES,AVES,PSITTACIDAE,Psephotellus,pulcherrimus,,,,,"(Gould, 1845)",<em>Psephotellus pulcherrimus</em> (del Hoyo and Collar 2014) was previously placed in the genus <em>Psephotus</em>.
22685162,Cyanoramphus unicolor,ANIMALIA,CHORDATA,PSITTACIFORMES,AVES,PSITTACIDAE,Cyanoramphus,unicolor,,,,,"(Lear, 1831)",
22685175,Cyanoramphus auriceps,ANIMALIA,CHORDATA,PSITTACIFORMES,AVES,PSITTACIDAE,Cyanoramphus,auriceps,,,,,"(Kuhl, 1820)",
22685182,Cyanoramphus zealandicus,ANIMALIA,CHORDATA,PSITTACIFORMES,AVES,PSITTACIDAE,Cyanoramphus,zealandicus,,,,,"(Latham, 1790)",
22685185,Eunymphicus cornutus,ANIMALIA,CHORDATA,PSITTACIFORMES,AVES,PSITTACIDAE,Eunymphicus,cornutus,,,,,"(Gmelin, 1788)",
22685191,Neopsephotus bourkii,ANIMALIA,CHORDATA,PSITTACIFORMES,AVES,PSITTACIDAE,Neopsephotus,bourkii,,,,,"(Gould, 1841)",
22685194,Neophema chrysostoma,ANIMALIA,CHORDATA,PSITTACIFORMES,AVES,PSITTACIDAE,Neophema,chrysostoma,,,,,"(Kuhl, 1820)",
22685197,Neophema elegans,ANIMALIA,CHORDATA,PSITTACIFORMES,AVES,PSITTACIDAE,Neophema,elegans,,,,,"(Gould, 1837)",
22685200,Neophema petrophila,ANIMALIA,CHORDATA,PSITTACIFORMES,AVES,PSITTACIDAE,Neophema,petrophila,,,,,"(Gould, 1841)",
22685209,Neophema pulchella,ANIMALIA,CHORDATA,PSITTACIFORMES,AVES,PSITTACIDAE,Neophema,pulchella,,,,,"(Shaw, 1792)",
22685214,Neophema splendida,ANIMALIA,CHORDATA,PSITTACIFORMES,AVES,PSITTACIDAE,Neophema,splendida,,,,,"(Gould, 1841)",
22685226,Pezoporus wallicus,ANIMALIA,CHORDATA,PSITTACIFORMES,AVES,PSITTACIDAE,Pezoporus,wallicus,,,,,"Kerr, 1792",
22685258,Mascarinus mascarin,ANIMALIA,CHORDATA,PSITTACIFORMES,AVES,PSITTACIDAE,Mascarinus,mascarin,,,,,"(Linnaeus, 1771)",<em>Mascarinus mascarin</em> (del Hoyo and Collar 2014) was previously listed as <em>M. mascarinus</em>.
22685291,Poicephalus gulielmi,ANIMALIA,CHORDATA,PSITTACIFORMES,AVES,PSITTACIDAE,Poicephalus,gulielmi,,,,,"(Jardine, 1849)",
22685299,Poicephalus crassus,ANIMALIA,CHORDATA,PSITTACIFORMES,AVES,PSITTACIDAE,Poicephalus,crassus,,,,,"(Sharpe, 1884)",
22685304,Poicephalus meyeri,ANIMALIA,CHORDATA,PSITTACIFORMES,AVES,PSITTACIDAE,Poicephalus,meyeri,,,,,"(Cretzschmar, 1827)",
22685308,Poicephalus flavifrons,ANIMALIA,CHORDATA,PSITTACIFORMES,AVES,PSITTACIDAE,Poicephalus,flavifrons,,,,,"(Rüppell, 1845)",
22685312,Poicephalus rufiventris,ANIMALIA,CHORDATA,PSITTACIFORMES,AVES,PSITTACIDAE,Poicephalus,rufiventris,,,,,"(Rüppell, 1845)",
22685321,Poicephalus rueppellii,ANIMALIA,CHORDATA,PSITTACIFORMES,AVES,PSITTACIDAE,Poicephalus,rueppellii,,,,,"(Gray, 1849)",
22685330,Agapornis pullarius,ANIMALIA,CHORDATA,PSITTACIFORMES,AVES,PSITTACIDAE,Agapornis,pullarius,,,,,"(Linnaeus, 1758)",
22685334,Agapornis taranta,ANIMALIA,CHORDATA,PSITTACIFORMES,AVES,PSITTACIDAE,Agapornis,taranta,,,,,"(Stanley, 1814)",
22685360,Agapornis nigrigenis,ANIMALIA,CHORDATA,PSITTACIFORMES,AVES,PSITTACIDAE,Agapornis,nigrigenis,,,,,"Sclater, 1906",
22685366,Loriculus vernalis,ANIMALIA,CHORDATA,PSITTACIFORMES,AVES,PSITTACIDAE,Loriculus,vernalis,,,,,"(Sparrman, 1787)",
22685371,Loriculus beryllinus,ANIMALIA,CHORDATA,PSITTACIFORMES,AVES,PSITTACIDAE,Loriculus,beryllinus,,,,,"(Forster, 1781)",
22685376,Loriculus philippensis,ANIMALIA,CHORDATA,PSITTACIFORMES,AVES,PSITTACIDAE,Loriculus,philippensis,,,,,"(Müller, 1776)",
22685384,Loriculus galgulus,ANIMALIA,CHORDATA,PSITTACIFORMES,AVES,PSITTACIDAE,Loriculus,galgulus,,,,,"(Linnaeus, 1758)",
22685389,Loriculus stigmatus,ANIMALIA,CHORDATA,PSITTACIFORMES,AVES,PSITTACIDAE,Loriculus,stigmatus,,,,,"(Müller, 1843)",
22685399,Loriculus catamene,ANIMALIA,CHORDATA,PSITTACIFORMES,AVES,PSITTACIDAE,Loriculus,catamene,,,,,"Schlegel, 1873",
22685405,Loriculus aurantiifrons,ANIMALIA,CHORDATA,PSITTACIFORMES,AVES,PSITTACIDAE,Loriculus,aurantiifrons,,,,,"Schlegel, 1873",
22685416,Loriculus exilis,ANIMALIA,CHORDATA,PSITTACIFORMES,AVES,PSITTACIDAE,Loriculus,exilis,,,,,"Schlegel, 1866",
22685422,Loriculus pusillus,ANIMALIA,CHORDATA,PSITTACIFORMES,AVES,PSITTACIDAE,Loriculus,pusillus,,,,,"Gray, 1859",
22685437,Palaeornis wardi,ANIMALIA,CHORDATA,PSITTACIFORMES,AVES,PSITTACIDAE,Palaeornis,wardi,,,,,"(E. Newton, 1867)","<em>Palaeornis wardi&#160;</em>(Handbook of the Birds of the World and BirdLife International 2020) was previously listed as&#160;<em>Psittacula wardi</em><em>&#160;</em>(del Hoyo&#160;<em>et al.&#160;</em>2014).&#160;Braun&#160;<em>et al</em>. (2019) report the situation where the parrot genera&#160;<em>Psittinus</em>,&#160;<em>Tanygnathus</em>&#160;and&#160;<em>Mascarinus</em>&#160;nest genetically within&#160;<em>Psittacula</em>, meaning that either&#160;<em>Psittacula</em>&#160;replaces these latter three genera or it breaks down into monophyletic genera of their own. The latter course is preferred, building on Braun&#160;<em>et al</em>. (2016), where several genera were established or resurrected including&#160;<em>Palaeornis</em><em>&#160;</em>for&#160;<em>P.&#160;</em><em>eupatria</em><em>&#160;</em>and&#160;<em>P. wardi</em>."
22685465,Alexandrinus exsul,ANIMALIA,CHORDATA,PSITTACIFORMES,AVES,PSITTACIDAE,Alexandrinus,exsul,,,,,"(Newton, 1872)","<em>Alexandrinus exsul&#160;</em>(Handbook of the Birds of the World and BirdLife International 2020) was previously listed as&#160;<em>Psittacula&#160;</em><em>exsul</em><em>&#160;</em>(del Hoyo&#160;<em>et al.&#160;</em>2014).&#160;Braun&#160;<em>et al</em>. (2019) report the situation where the parrot genera&#160;<em>Psittinus</em>,&#160;<em>Tanygnathus</em>&#160;and&#160;<em>Mascarinus</em>&#160;nest genetically within&#160;<em>Psittacula</em>, meaning that either&#160;<em>Psittacula</em>&#160;replaces these latter three genera or it breaks down into monophyletic genera of their own. The latter course is preferred, building on Braun&#160;<em>et al</em>. (2016), where several genera were established, including&#160;<em>Alexandrinus&#160;</em>for&#160;<em>P. krameri</em>,<em>&#160;P. eques&#160;</em>and&#160;<em>P. exsul</em>."
22685468,Himalayapsitta himalayana,ANIMALIA,CHORDATA,PSITTACIFORMES,AVES,PSITTACIDAE,Himalayapsitta,himalayana,,,,,"(Lesson, 1832)","<em>Himalayapsitta himalayana&#160;</em>(Handbook of the Birds of the World and BirdLife International 2020) was previously listed as&#160;<em>Psittacula himalayana&#160;</em>(del Hoyo&#160;<em>et al.&#160;</em>2014).&#160;Braun&#160;<em>et al</em>. (2019) report the situation where the parrot genera&#160;<em>Psittinus</em>,&#160;<em>Tanygnathus</em>&#160;and&#160;<em>Mascarinus</em>&#160;nest genetically within&#160;<em>Psittacula</em>, meaning that either&#160;<em>Psittacula</em>&#160;replaces these latter three genera or it breaks down into monophyletic genera of their own. The latter course is preferred, building on (the overlooked by me and Lynx) Braun&#160;<em>et al</em>. (2016), where several genera were established, including&#160;<em>Himalayapsitta&#160;</em>for&#160;<em>P. finschii</em>,&#160;<em>P. himalayana</em>,&#160;<em>P. roseata&#160;</em>and&#160;<em>P. cyanocephala</em>."
22685481,Himalayapsitta cyanocephala,ANIMALIA,CHORDATA,PSITTACIFORMES,AVES,PSITTACIDAE,Himalayapsitta,cyanocephala,,,,,"(Linnaeus, 1766)","<em>Himalayapsitta cyanocephala&#160;</em>(Handbook of the Birds of the World and BirdLife International 2020) was previously listed as <em>Psittacula cyanocephala&#160;</em>(del Hoyo <em>et al. </em>2014).&#160;Braun <em>et al</em>. (2019) report the situation where the parrot genera <em>Psittinus</em>, <em>Tanygnathus</em> and <em>Mascarinus</em> nest genetically within <em>Psittacula</em>, meaning that either <em>Psittacula</em> replaces these latter three genera or it breaks down into monophyletic genera of their own. The latter course is preferred, building on Braun <em>et al</em>. (2016), where several genera were established, including <em>Himalayapsitta </em>for <em>P. finschii</em>, <em>P. himalayana</em>, <em>P. roseata </em>and <em>P. cyanocephala</em>."
22685489,Nicopsitta columboides,ANIMALIA,CHORDATA,PSITTACIFORMES,AVES,PSITTACIDAE,Nicopsitta,columboides,,,,,"(Vigors, 1830)","<em>Nicopsitta&#160;</em><em>columboides</em><em>&#160;</em>(Handbook of the Birds of the World and BirdLife International 2020) was previously listed as&#160;<em>Psittacula&#160;</em><em>columboides</em><em>&#160;</em>(del Hoyo&#160;<em>et al.&#160;</em>2014).&#160;Braun&#160;<em>et al</em>. (2019) report the situation where the parrot genera&#160;<em>Psittinus</em>,&#160;<em>Tanygnathus</em>&#160;and&#160;<em>Mascarinus</em>&#160;nest genetically within&#160;<em>Psittacula</em>, meaning that either&#160;<em>Psittacula</em>&#160;replaces these latter three genera or it breaks down into monophyletic genera of their own. The latter course is preferred, building on Braun&#160;<em>et al</em>. (2016), where several genera were established, including&#160;<em>Nicop</em><em>sitta&#160;</em>for&#160;<em>P. calthrapae&#160;</em>and&#160;<em>P. columboides</em>."
22685493,Nicopsitta calthrapae,ANIMALIA,CHORDATA,PSITTACIFORMES,AVES,PSITTACIDAE,Nicopsitta,calthrapae,,,,,"(Blyth, 1849)","<em>Nicopsitta calthrapae&#160;</em>(Handbook of the Birds of the World and BirdLife International 2020) was previously listed as&#160;<em>Psittacula&#160;</em><em>calthrapae</em><em>&#160;</em>(del Hoyo&#160;<em>et al.&#160;</em>2014).&#160;Braun&#160;<em>et al</em>. (2019) report the situation where the parrot genera&#160;<em>Psittinus</em>,&#160;<em>Tanygnathus</em>&#160;and&#160;<em>Mascarinus</em>&#160;nest genetically within&#160;<em>Psittacula</em>, meaning that either&#160;<em>Psittacula</em>&#160;replaces these latter three genera or it breaks down into monophyletic genera of their own. The latter course is preferred, building on Braun&#160;<em>et al</em>. (2016), where several genera were established, including&#160;<em>Nicop</em><em>sitta&#160;</em>for&#160;<em>P. calthrapae </em>and <em>P. columboides</em>. <br/>Previously,&#160;<em>P. calthrapae</em> (del Hoyo <em>et al.&#160;</em>2014) was listed as <em>P.&#160;</em><em>calthropae</em>.<em>  <p></p></em>"
22685500,Psittacula derbiana,ANIMALIA,CHORDATA,PSITTACIFORMES,AVES,PSITTACIDAE,Psittacula,derbiana,,,,,"(Fraser, 1852)",
22685516,Anodorhynchus hyacinthinus,ANIMALIA,CHORDATA,PSITTACIFORMES,AVES,PSITTACIDAE,Anodorhynchus,hyacinthinus,,,,,"(Latham, 1790)",
22685563,Ara macao,ANIMALIA,CHORDATA,PSITTACIFORMES,AVES,PSITTACIDAE,Ara,macao,,,,,"(Linnaeus, 1758)",
22685566,Ara chloropterus,ANIMALIA,CHORDATA,PSITTACIFORMES,AVES,PSITTACIDAE,Ara,chloropterus,,,,,"Gray, 1859",
22685585,Orthopsittaca manilatus,ANIMALIA,CHORDATA,PSITTACIFORMES,AVES,PSITTACIDAE,Orthopsittaca,manilatus,,,,,"(Boddaert, 1783)",<em>Orthopsittaca manilatus </em>(del Hoyo and Collar 2014) was previously listed as&#160;<em>O. manilata.</em><p></p>
22685606,Primolius maracana,ANIMALIA,CHORDATA,PSITTACIFORMES,AVES,PSITTACIDAE,Primolius,maracana,,,,,"(Vieillot, 1816)",
22685628,Primolius auricollis,ANIMALIA,CHORDATA,PSITTACIFORMES,AVES,PSITTACIDAE,Primolius,auricollis,,,,,"(Cassin, 1853)",
22685678,Psittacara finschi,ANIMALIA,CHORDATA,PSITTACIFORMES,AVES,PSITTACIDAE,Psittacara,finschi,,,,,"(Salvin, 1871)",<em>Psittacara finschi</em> (del Hoyo and Collar 2014) was previously placed in the genus <em>Aratinga</em>.
22685682,Psittacara leucophthalmus,ANIMALIA,CHORDATA,PSITTACIFORMES,AVES,PSITTACIDAE,Psittacara,leucophthalmus,,,,,"(Müller, 1776)",<em>Psittacara leucophthalmus</em> (del Hoyo and Collar 2014) was previously placed in the genus <em>Aratinga</em> as <em>A. leucophthalma</em>.    <p></p>
22685707,Aratinga jandaya,ANIMALIA,CHORDATA,PSITTACIFORMES,AVES,PSITTACIDAE,Aratinga,jandaya,,,,,"(Gmelin, 1788)",
22685710,Aratinga auricapillus,ANIMALIA,CHORDATA,PSITTACIFORMES,AVES,PSITTACIDAE,Aratinga,auricapillus,,,,,"(Kuhl, 1820)",
22685732,Aratinga weddellii,ANIMALIA,CHORDATA,PSITTACIFORMES,AVES,PSITTACIDAE,Aratinga,weddellii,,,,,"(Deville, 1851)",
22685742,Eupsittula aurea,ANIMALIA,CHORDATA,PSITTACIFORMES,AVES,PSITTACIDAE,Eupsittula,aurea,,,,,"(Gmelin, 1788)",<em>Eupsittula aurea</em> (del Hoyo and Collar 2014) was previously placed in the genus <em>Aratinga</em>.
22685748,Eupsittula cactorum,ANIMALIA,CHORDATA,PSITTACIFORMES,AVES,PSITTACIDAE,Eupsittula,cactorum,,,,,"(Kuhl, 1820)",<em>Eupsittula cactorum</em> (del Hoyo and Collar 2014) was previously placed in the genus <em>Aratinga</em>.
22685776,Conuropsis carolinensis,ANIMALIA,CHORDATA,PSITTACIFORMES,AVES,PSITTACIDAE,Conuropsis,carolinensis,,,,,"(Linnaeus, 1758)",
22685783,Pyrrhura cruentata,ANIMALIA,CHORDATA,PSITTACIFORMES,AVES,PSITTACIDAE,Pyrrhura,cruentata,,,,,"(Wied, 1820)",
22685790,Pyrrhura devillei,ANIMALIA,CHORDATA,PSITTACIFORMES,AVES,PSITTACIDAE,Pyrrhura,devillei,,,,,"(Massena & Souancé, 1854)",
22685793,Pyrrhura frontalis,ANIMALIA,CHORDATA,PSITTACIFORMES,AVES,PSITTACIDAE,Pyrrhura,frontalis,,,,,"(Vieillot, 1818)",
22685797,Pyrrhura lepida,ANIMALIA,CHORDATA,PSITTACIFORMES,AVES,PSITTACIDAE,Pyrrhura,lepida,,,,,"(Wagler, 1832)",
22685812,Pyrrhura perlata,ANIMALIA,CHORDATA,PSITTACIFORMES,AVES,PSITTACIDAE,Pyrrhura,perlata,,,,,"(Spix, 1824)",
22685836,Pyrrhura viridicata,ANIMALIA,CHORDATA,PSITTACIFORMES,AVES,PSITTACIDAE,Pyrrhura,viridicata,,,,,"Todd, 1913",
22685843,Pyrrhura egregia,ANIMALIA,CHORDATA,PSITTACIFORMES,AVES,PSITTACIDAE,Pyrrhura,egregia,,,,,"(Sclater, 1881)",
22685860,Pyrrhura albipectus,ANIMALIA,CHORDATA,PSITTACIFORMES,AVES,PSITTACIDAE,Pyrrhura,albipectus,,,,,"Chapman, 1914",
22685873,Pyrrhura hoematotis,ANIMALIA,CHORDATA,PSITTACIFORMES,AVES,PSITTACIDAE,Pyrrhura,hoematotis,,,,,"Souancé, 1857",
22685877,Pyrrhura rhodocephala,ANIMALIA,CHORDATA,PSITTACIFORMES,AVES,PSITTACIDAE,Pyrrhura,rhodocephala,,,,,"(Sclater & Salvin, 1871)",
22685885,Pyrrhura hoffmanni,ANIMALIA,CHORDATA,PSITTACIFORMES,AVES,PSITTACIDAE,Pyrrhura,hoffmanni,,,,,"(Cabanis, 1861)",
22685888,Enicognathus ferrugineus,ANIMALIA,CHORDATA,PSITTACIFORMES,AVES,PSITTACIDAE,Enicognathus,ferrugineus,,,,,"(Müller, 1776)",
22685891,Enicognathus leptorhynchus,ANIMALIA,CHORDATA,PSITTACIFORMES,AVES,PSITTACIDAE,Enicognathus,leptorhynchus,,,,,"(King, 1831)",
22685900,Psilopsiagon aymara,ANIMALIA,CHORDATA,PSITTACIFORMES,AVES,PSITTACIDAE,Psilopsiagon,aymara,,,,,"(d'Orbigny, 1839)",
22685907,Psilopsiagon aurifrons,ANIMALIA,CHORDATA,PSITTACIFORMES,AVES,PSITTACIDAE,Psilopsiagon,aurifrons,,,,,"(Lesson, 1830)",
22685913,Bolborhynchus lineola,ANIMALIA,CHORDATA,PSITTACIFORMES,AVES,PSITTACIDAE,Bolborhynchus,lineola,,,,,"(Cassin, 1853)",
22685916,Bolborhynchus orbygnesius,ANIMALIA,CHORDATA,PSITTACIFORMES,AVES,PSITTACIDAE,Bolborhynchus,orbygnesius,,,,,"(Souancé, 1856)",
22685919,Bolborhynchus ferrugineifrons,ANIMALIA,CHORDATA,PSITTACIFORMES,AVES,PSITTACIDAE,Bolborhynchus,ferrugineifrons,,,,,"(Lawrence, 1880)",
22685937,Forpus conspicillatus,ANIMALIA,CHORDATA,PSITTACIFORMES,AVES,PSITTACIDAE,Forpus,conspicillatus,,,,,"(Lafresnaye, 1848)",
22685940,Forpus modestus,ANIMALIA,CHORDATA,PSITTACIFORMES,AVES,PSITTACIDAE,Forpus,modestus,,,,,"(Gray, 1859)",
22685952,Forpus xanthops,ANIMALIA,CHORDATA,PSITTACIFORMES,AVES,PSITTACIDAE,Forpus,xanthops,,,,,"(Salvin, 1895)",
22685956,Brotogeris tirica,ANIMALIA,CHORDATA,PSITTACIFORMES,AVES,PSITTACIDAE,Brotogeris,tirica,,,,,"(Gmelin, 1788)",
22685966,Brotogeris pyrrhoptera,ANIMALIA,CHORDATA,PSITTACIFORMES,AVES,PSITTACIDAE,Brotogeris,pyrrhoptera,,,,,"(Latham, 1801)",
22685980,Brotogeris jugularis,ANIMALIA,CHORDATA,PSITTACIFORMES,AVES,PSITTACIDAE,Brotogeris,jugularis,,,,,"(Müller, 1776)",
22685983,Brotogeris cyanoptera,ANIMALIA,CHORDATA,PSITTACIFORMES,AVES,PSITTACIDAE,Brotogeris,cyanoptera,,,,,"(Salvadori, 1891)",
22685986,Brotogeris chrysoptera,ANIMALIA,CHORDATA,PSITTACIFORMES,AVES,PSITTACIDAE,Brotogeris,chrysoptera,,,,,"(Linnaeus, 1766)",
22685994,Brotogeris sanctithomae,ANIMALIA,CHORDATA,PSITTACIFORMES,AVES,PSITTACIDAE,Brotogeris,sanctithomae,,,,,"(Müller, 1776)",
22685997,Nannopsittaca panychlora,ANIMALIA,CHORDATA,PSITTACIFORMES,AVES,PSITTACIDAE,Nannopsittaca,panychlora,,,,,"(Salvin & Godman, 1883)",
22686006,Touit batavicus,ANIMALIA,CHORDATA,PSITTACIFORMES,AVES,PSITTACIDAE,Touit,batavicus,,,,,"(Boddaert, 1783)",
22686029,Touit purpuratus,ANIMALIA,CHORDATA,PSITTACIFORMES,AVES,PSITTACIDAE,Touit,purpuratus,,,,,"(Gmelin, 1788)",
22686037,Touit melanonotus,ANIMALIA,CHORDATA,PSITTACIFORMES,AVES,PSITTACIDAE,Touit,melanonotus,,,,,"(Wied, 1820)",
22686054,Touit surdus,ANIMALIA,CHORDATA,PSITTACIFORMES,AVES,PSITTACIDAE,Touit,surdus,,,,,"(Kuhl, 1820)",
22686066,Touit stictopterus,ANIMALIA,CHORDATA,PSITTACIFORMES,AVES,PSITTACIDAE,Touit,stictopterus,,,,,"(Sclater, 1862)",
22686079,Pionites melanocephalus,ANIMALIA,CHORDATA,PSITTACIFORMES,AVES,PSITTACIDAE,Pionites,melanocephalus,,,,,"(Linnaeus, 1758)",
22686097,Pyrilia haematotis,ANIMALIA,CHORDATA,PSITTACIFORMES,AVES,PSITTACIDAE,Pyrilia,haematotis,,,,,"(Sclater & Salvin, 1860)",
22686107,Pyrilia pulchra,ANIMALIA,CHORDATA,PSITTACIFORMES,AVES,PSITTACIDAE,Pyrilia,pulchra,,,,,"(Berlepsch, 1897)",
22686116,Pyrilia barrabandi,ANIMALIA,CHORDATA,PSITTACIFORMES,AVES,PSITTACIDAE,Pyrilia,barrabandi,,,,,"(Kuhl, 1820)",
22686125,Pyrilia pyrilia,ANIMALIA,CHORDATA,PSITTACIFORMES,AVES,PSITTACIDAE,Pyrilia,pyrilia,,,,,"(Bonaparte, 1853)",
22686136,Pyrilia caica,ANIMALIA,CHORDATA,PSITTACIFORMES,AVES,PSITTACIDAE,Pyrilia,caica,,,,,"(Latham, 1790)",
22686145,Pyrilia vulturina,ANIMALIA,CHORDATA,PSITTACIFORMES,AVES,PSITTACIDAE,Pyrilia,vulturina,,,,,"(Kuhl, 1820)",
22686155,Hapalopsittaca melanotis,ANIMALIA,CHORDATA,PSITTACIFORMES,AVES,PSITTACIDAE,Hapalopsittaca,melanotis,,,,,"(Lafresnaye, 1847)",
22686158,Hapalopsittaca amazonina,ANIMALIA,CHORDATA,PSITTACIFORMES,AVES,PSITTACIDAE,Hapalopsittaca,amazonina,,,,,"(Des Murs, 1845)",
22686168,Hapalopsittaca pyrrhops,ANIMALIA,CHORDATA,PSITTACIFORMES,AVES,PSITTACIDAE,Hapalopsittaca,pyrrhops,,,,,"(Salvin, 1876)",
22686172,Graydidascalus brachyurus,ANIMALIA,CHORDATA,PSITTACIFORMES,AVES,PSITTACIDAE,Graydidascalus,brachyurus,,,,,"(Kuhl, 1820)",
22686178,Pionus sordidus,ANIMALIA,CHORDATA,PSITTACIFORMES,AVES,PSITTACIDAE,Pionus,sordidus,,,,,"(Linnaeus, 1758)",
22686181,Pionus maximiliani,ANIMALIA,CHORDATA,PSITTACIFORMES,AVES,PSITTACIDAE,Pionus,maximiliani,,,,,"(Kuhl, 1820)",
22686192,Pionus senilis,ANIMALIA,CHORDATA,PSITTACIFORMES,AVES,PSITTACIDAE,Pionus,senilis,,,,,"(Spix, 1824)",
22686195,Pionus chalcopterus,ANIMALIA,CHORDATA,PSITTACIFORMES,AVES,PSITTACIDAE,Pionus,chalcopterus,,,,,"(Fraser, 1841)",
22686198,Pionus fuscus,ANIMALIA,CHORDATA,PSITTACIFORMES,AVES,PSITTACIDAE,Pionus,fuscus,,,,,"(Müller, 1776)",
22686209,Amazona collaria,ANIMALIA,CHORDATA,PSITTACIFORMES,AVES,PSITTACIDAE,Amazona,collaria,,,,,"(Linnaeus, 1758)",
22686226,Amazona xantholora,ANIMALIA,CHORDATA,PSITTACIFORMES,AVES,PSITTACIDAE,Amazona,xantholora,,,,,"(Gray, 1859)",
22686246,Amazona tucumana,ANIMALIA,CHORDATA,PSITTACIFORMES,AVES,PSITTACIDAE,Amazona,tucumana,,,,,"(Cabanis, 1885)",
22686251,Amazona pretrei,ANIMALIA,CHORDATA,PSITTACIFORMES,AVES,PSITTACIDAE,Amazona,pretrei,,,,,"(Temminck, 1830)",
22686311,Alipiopsitta xanthops,ANIMALIA,CHORDATA,PSITTACIFORMES,AVES,PSITTACIDAE,Alipiopsitta,xanthops,,,,,"(Spix, 1824)",
22686354,Amazona mercenarius,ANIMALIA,CHORDATA,PSITTACIFORMES,AVES,PSITTACIDAE,Amazona,mercenarius,,,,,"(Tschudi, 1844)",
22686363,Amazona kawalli,ANIMALIA,CHORDATA,PSITTACIFORMES,AVES,PSITTACIDAE,Amazona,kawalli,,,,,"Grantsau & Camargo, 1989",
22686395,Amazona arausiaca,ANIMALIA,CHORDATA,PSITTACIFORMES,AVES,PSITTACIDAE,Amazona,arausiaca,,,,,"(Müller, 1776)",
22686416,Deroptyus accipitrinus,ANIMALIA,CHORDATA,PSITTACIFORMES,AVES,PSITTACIDAE,Deroptyus,accipitrinus,,,,,"(Linnaeus, 1758)",
22686419,Triclaria malachitacea,ANIMALIA,CHORDATA,PSITTACIFORMES,AVES,PSITTACIDAE,Triclaria,malachitacea,,,,,"(Spix, 1824)",
22724513,Ara tricolor,ANIMALIA,CHORDATA,PSITTACIFORMES,AVES,PSITTACIDAE,Ara,tricolor,,,,,"Bechstein, 1811",
22724553,Cyanoramphus forbesi,ANIMALIA,CHORDATA,PSITTACIFORMES,AVES,PSITTACIDAE,Cyanoramphus,forbesi,,,,,"Rothschild, 1893",
22725321,Trichoglossus capistratus,ANIMALIA,CHORDATA,PSITTACIFORMES,AVES,PSITTACIDAE,Trichoglossus,capistratus,,,,,"(Bechstein, 1811)","<p><em>Trichoglossus haematodus, T. forsteni, T. capistratus, T. weberi, T. rubritorquis, T. moluccanus </em>and<em> T. rosenbergii </em>(del Hoyo and Collar 2014) were previously lumped as <em>T. haematodus </em>following Christidis and Boles (1994), and before then were split as <em>T. haematodus </em>and<em> T. rubritorquis </em>following Sibley and Monroe (1990, 1993).</p>"
22725327,Trichoglossus rubritorquis,ANIMALIA,CHORDATA,PSITTACIFORMES,AVES,PSITTACIDAE,Trichoglossus,rubritorquis,,,,,"Vigors &amp; Horsfield, 1827","<p><em>Trichoglossus haematodus, T. forsteni, T. capistratus, T. weberi, T. rubritorquis, T. moluccanus </em>and<em> T. rosenbergii </em>(del Hoyo and Collar 2014) were previously lumped as <em>T. haematodus </em>following Christidis and Boles (1994), and before then were split as <em>T. haematodus </em>and<em> T. rubritorquis </em>following Sibley and Monroe (1990, 1993).</p>"
22725340,Charmosyna papou,ANIMALIA,CHORDATA,PSITTACIFORMES,AVES,PSITTACIDAE,Charmosyna,papou,,,,,"(Scopoli, 1786)","<p><em>Charmosyna papou </em>and <em>C. stellae </em>(del Hoyo and Collar 2014) were previously lumped as <em>C. papou </em>following Sibley and Monroe (1990, 1993).</p>"
22725349,Charmosyna stellae,ANIMALIA,CHORDATA,PSITTACIFORMES,AVES,PSITTACIDAE,Charmosyna,stellae,,,,,"A. B. Meyer, 1886","<p><em>Charmosyna papou </em>and <em>C. stellae </em>(del Hoyo and Collar 2014) were previously lumped as <em>C. papou </em>following Sibley and Monroe (1990, 1993).</p>"
22725355,Cyclopsitta gulielmitertii,ANIMALIA,CHORDATA,PSITTACIFORMES,AVES,PSITTACIDAE,Cyclopsitta,gulielmitertii,,,,,"(Schlegel, 1866)","<p><em>Cyclopsitta gulielmitertii,</em> <em>C. melanogenia</em>, <em>C. amabilis</em> and <em>C. nigrifrons </em>(del Hoyo and Collar<em> </em>2014) were previously lumped as <em>C. gulielmitertii </em>following Sibley and Monroe (1990, 1993).<em></em></p>"
22725367,Cyclopsitta melanogenia,ANIMALIA,CHORDATA,PSITTACIFORMES,AVES,PSITTACIDAE,Cyclopsitta,melanogenia,,,,,"(Schlegel, 1866)","<p><em>Cyclopsitta gulielmitertii,</em> <em>C. melanogenia</em>, <em>C. amabilis</em> and <em>C. nigrifrons </em>(del Hoyo and Collar<em> </em>2014) were previously lumped as <em>C. gulielmitertii </em>following Sibley and Monroe (1990, 1993).<em></em></p>"
22725373,Cyclopsitta amabilis,ANIMALIA,CHORDATA,PSITTACIFORMES,AVES,PSITTACIDAE,Cyclopsitta,amabilis,,,,,"(Reichenow, 1891)","<p><em>Cyclopsitta gulielmitertii,</em> <em>C. melanogenia</em>, <em>C. amabilis</em> and <em>C. nigrifrons </em>(del Hoyo and Collar<em> </em>2014) were previously lumped as <em>C. gulielmitertii </em>following Sibley and Monroe (1990, 1993).<em></em></p>"
22725599,Psittaculirostris desmarestii,ANIMALIA,CHORDATA,PSITTACIFORMES,AVES,PSITTACIDAE,Psittaculirostris,desmarestii,,,,,"(Desmarest, 1826)","<p><em>Psittaculirostris desmarestii, P. godmani </em>and<em> P. cervicalis </em>(del Hoyo and Collar 2014) were previously lumped as <em>P. desmarestii </em>following Sibley and Monroe (1990, 1993).<em></em></p>"
22725611,Psittaculirostris godmani,ANIMALIA,CHORDATA,PSITTACIFORMES,AVES,PSITTACIDAE,Psittaculirostris,godmani,,,,,"(Ogilvie-Grant, 1911)","<p><em>Psittaculirostris desmarestii, P. godmani </em>and<em> P. cervicalis </em>(del Hoyo and Collar 2014) were previously lumped as <em>P. desmarestii </em>following Sibley and Monroe (1990, 1993).<em></em></p>"
22725617,Psittaculirostris cervicalis,ANIMALIA,CHORDATA,PSITTACIFORMES,AVES,PSITTACIDAE,Psittaculirostris,cervicalis,,,,,"(Salvadori &amp; D'Albertis, 1875)","<p><em>Psittaculirostris desmarestii, P. godmani </em>and<em> P. cervicalis </em>(del Hoyo and Collar 2014) were previously lumped as <em>P. desmarestii </em>following Sibley and Monroe (1990, 1993).<em></em></p>"
22726315,Trichoglossus rosenbergii,ANIMALIA,CHORDATA,PSITTACIFORMES,AVES,PSITTACIDAE,Trichoglossus,rosenbergii,,,,,"Schlegel, 1871","<p><em>Trichoglossus haematodus, T. forsteni, T. capistratus, T. weberi, T. rubritorquis, T. moluccanus </em>and<em> T. rosenbergii </em>(del Hoyo and Collar 2014) were previously lumped as <em>T. haematodus </em>following Christidis and Boles (1994), and before then were split as <em>T. haematodus </em>and<em> T. rubritorquis </em>following Sibley and Monroe (1990, 1993).</p>"
22727565,Trichoglossus flavoviridis,ANIMALIA,CHORDATA,PSITTACIFORMES,AVES,PSITTACIDAE,Trichoglossus,flavoviridis,,,,,"Wallace, 1863","<p><em>Trichoglossus flavoviridis</em> and <em>T. meyeri</em> (del Hoyo and Collar 2014) were previously lumped as <em>T. flavoviridis</em> following Sibley and Monroe (1990, 1993).<em></em></p>"
22727575,Trichoglossus meyeri,ANIMALIA,CHORDATA,PSITTACIFORMES,AVES,PSITTACIDAE,Trichoglossus,meyeri,,,,,"Walden, 1871","<p><em>Trichoglossus flavoviridis</em> and <em>T. meyeri</em> (del Hoyo and Collar 2014) were previously lumped as <em>T. flavoviridis</em> following Sibley and Monroe (1990, 1993).<em></em></p>"
22727581,Cyclopsitta diophthalma,ANIMALIA,CHORDATA,PSITTACIFORMES,AVES,PSITTACIDAE,Cyclopsitta,diophthalma,,,,,"(Hombron &amp; Jacquinot, 1841)","<p><em>Cyclopsitta diophthalma </em>and <em>C. coxeni </em>(del Hoyo and Collar 2014) were previously lumped as <em>C. diophthalma</em> following Sibley and Monroe (1990, 1993).<em></em></p>"
22727599,Psittinus cyanurus,ANIMALIA,CHORDATA,PSITTACIFORMES,AVES,PSITTACIDAE,Psittinus,cyanurus,,,,,"(Forster, 1795)","<p><em>Psittinus cyanurus </em>and <em>P. abbotti </em>(del Hoyo and Collar 2014) were previously lumped as <em>P. cyanurus </em>following Sibley and Monroe (1990, 1993).<em></em></p>"
22727609,Psittinus abbotti,ANIMALIA,CHORDATA,PSITTACIFORMES,AVES,PSITTACIDAE,Psittinus,abbotti,,,,,"Richmond, 1902","<p><em>Psittinus cyanurus </em>and <em>P. abbotti </em>(del Hoyo and Collar 2014) were previously lumped as <em>P. cyanurus </em>following Sibley and Monroe (1990, 1993).<em></em></p>"
22727615,Pionus tumultuosus,ANIMALIA,CHORDATA,PSITTACIFORMES,AVES,PSITTACIDAE,Pionus,tumultuosus,,,,,"(Tschudi, 1844)","<p><em>Pionus tumultuosus </em>and<em> P. seniloides </em>(del Hoyo and Collar 2014) were previously lumped as <em>P. tumultuosus </em>following Sibley and Monroe (1990, 1993).<em>&#160; </em></p><p><em></em></p>"
22727626,Amazona festiva,ANIMALIA,CHORDATA,PSITTACIFORMES,AVES,PSITTACIDAE,Amazona,festiva,,,,,"(Linnaeus, 1758)","<p><em>Amazona festiva </em>and <em>A. bodini </em>(del Hoyo and Collar 2014) were previously lumped as <em>A. festiva </em>following Sibley and Monroe (1990, 1993).<em></em></p>"
22727636,Amazona bodini,ANIMALIA,CHORDATA,PSITTACIFORMES,AVES,PSITTACIDAE,Amazona,bodini,,,,,"(Finsch, 1873)","<p><em>Amazona festiva </em>and <em>A. bodini </em>(del Hoyo and Collar 2014) were previously lumped as <em>A. festiva </em>following Sibley and Monroe (1990, 1993).<em></em></p>"
22727871,Prioniturus discurus,ANIMALIA,CHORDATA,PSITTACIFORMES,AVES,PSITTACIDAE,Prioniturus,discurus,,,,,"(Vieillot, 1822)","<p><em>Prioniturus discurus </em>and <em>P. mindorensis </em>(del Hoyo and Collar 2014<em></em>) were previously lumped as <em>P. discurus </em>following Sibley and Monroe (1990, 1993).<em></em></p>"
22727878,Prioniturus mindorensis,ANIMALIA,CHORDATA,PSITTACIFORMES,AVES,PSITTACIDAE,Prioniturus,mindorensis,,,,,"Steere, 1890","<p><em>Prioniturus discurus </em>and <em>P. mindorensis </em>(del Hoyo and Collar 2014<em></em>) were previously lumped as <em>P. discurus </em>following Sibley and Monroe (1990, 1993).<em></em></p>"
22727885,Coracopsis nigra,ANIMALIA,CHORDATA,PSITTACIFORMES,AVES,PSITTACIDAE,Coracopsis,nigra,,,,,"(Linnaeus, 1758)","<em>Coracopsis nigra</em>,<em> C. barklyi</em> and <em>C. sibilans</em> (del Hoyo and Collar 2014) were previously lumped as <em>C. nigra</em> following Sibley and Monroe (1990, 1993)."
22727890,Coracopsis barklyi,ANIMALIA,CHORDATA,PSITTACIFORMES,AVES,PSITTACIDAE,Coracopsis,barklyi,,,,,Newton 1867,"<em>Coracopsis nigra</em>,<em> C. barklyi</em> and <em>C. sibilans</em> (del Hoyo and Collar 2014) were previously lumped as <em>C. nigra</em> following Sibley and Monroe (1990, 1993)."
22728673,Cyanoramphus ulietanus,ANIMALIA,CHORDATA,PSITTACIFORMES,AVES,PSITTACIDAE,Cyanoramphus,ulietanus,,,,,"(Gmelin, 1788)",
22728696,Psittacara labati,ANIMALIA,CHORDATA,PSITTACIFORMES,AVES,PSITTACIDAE,Psittacara,labati,,,,,"(Rothschild, 1905)","<em>Psittacara labati</em> (del Hoyo and Collar 2014) was previously placed in the genus <em>Aratinga</em>.<br/><br/>Conures were also reported from Barbados<strong>&#160;</strong>(Clark 1905a) and Martinique<strong>&#160;</strong>(Clark 1905b), but insufficient evidence exists to assign them taxonomically.<p></p>"
22728701,Amazona violacea,ANIMALIA,CHORDATA,PSITTACIFORMES,AVES,PSITTACIDAE,Amazona,violacea,,,,,"(J. F. Gmelin, 1789)",
22728705,Amazona martinicana,ANIMALIA,CHORDATA,PSITTACIFORMES,AVES,PSITTACIDAE,Amazona,martinicana,,,,,"A. H. Clark, 1905",
22728844,Lophopsittacus bensoni,ANIMALIA,CHORDATA,PSITTACIFORMES,AVES,PSITTACIDAE,Lophopsittacus,bensoni,,,,,"Holyoak, 1973",
22728847,Lophopsittacus mauritianus,ANIMALIA,CHORDATA,PSITTACIFORMES,AVES,PSITTACIDAE,Lophopsittacus,mauritianus,,,,,"(Owen, 1866)",
22728851,Necropsittacus rodricanus,ANIMALIA,CHORDATA,PSITTACIFORMES,AVES,PSITTACIDAE,Necropsittacus,rodricanus,,,,,"(Milne-Edwards, 1867)",<em>Necropsittacus</em>&#160;<em>rodricanus </em>(del Hoyo and Collar 2014) was previously listed as <em>N.&#160;</em><em>r</em><em>odericanus.</em><p></p>
22729157,Psittacara rubritorquis,ANIMALIA,CHORDATA,PSITTACIFORMES,AVES,PSITTACIDAE,Psittacara,rubritorquis,,,,,"(Sclater, 1887)",<em>Psittacara rubritorquis</em> (del Hoyo and Collar 2014) was previously placed in the genus <em>Aratinga.</em><em><p></p></em>
22729967,Pyrilia aurantiocephala,ANIMALIA,CHORDATA,PSITTACIFORMES,AVES,PSITTACIDAE,Pyrilia,aurantiocephala,,,,,"(Gaban-Lima, Raposo & Hofling, 2002)",
22731587,Pionus seniloides,ANIMALIA,CHORDATA,PSITTACIFORMES,AVES,PSITTACIDAE,Pionus,seniloides,,,,,"(Massena &amp; Souancé, 1854)","<p><em>Pionus tumultuosus </em>and<em> P. seniloides </em>(del Hoyo and Collar 2014) were previously lumped as <em>P. tumultuosus </em>following Sibley and Monroe (1990, 1993).<em>&#160; </em></p><p><em></em></p>  <p></p>"
22732102,Loriculus amabilis,ANIMALIA,CHORDATA,PSITTACIFORMES,AVES,PSITTACIDAE,Loriculus,amabilis,,,,,"Wallace, 1862",
22732108,Loriculus sclateri,ANIMALIA,CHORDATA,PSITTACIFORMES,AVES,PSITTACIDAE,Loriculus,sclateri,,,,,"Wallace, 1863",
22733974,Pyrrhura pfrimeri,ANIMALIA,CHORDATA,PSITTACIFORMES,AVES,PSITTACIDAE,Pyrrhura,pfrimeri,,,,,"Miranda-Ribeiro, 1920",
22735551,Aratinga maculata,ANIMALIA,CHORDATA,PSITTACIFORMES,AVES,PSITTACIDAE,Aratinga,maculata,,,,,"(Müller, 1776)","<em>Aratinga solstitialis</em> and <em>A. maculata</em> (del Hoyo and Collar 2014) were previously lumped as <em>A.</em> <em>solstitialis</em> following Sibley and Monroe (1990, 1993) and Stotz <em>et al.</em> (1996).<p></p>"
45418555,Eupsittula astec,ANIMALIA,CHORDATA,PSITTACIFORMES,AVES,PSITTACIDAE,Eupsittula,astec,,,,,"(Souancé, 1857)","<em>Eupsittula nana</em> and <em>E. astec</em> (del Hoyo and Collar 2014) were previously placed in the genus <em>Aratinga </em>and lumped as <em>A. nana</em> following Sibley and Monroe (1990, 1993)."
45419311,Geoffroyus hyacinthinus,ANIMALIA,CHORDATA,PSITTACIFORMES,AVES,PSITTACIDAE,Geoffroyus,hyacinthinus,,,,,"Mayr, 1931","<em>Geoffroyus heteroclitus</em> and <em>G. hyacinthinus</em> (del Hoyo and Collar 2014) were previously lumped as <em>G. heteroclitus</em> following Sibley and Monroe (1990, 1993)."
45419833,Psittacella picta,ANIMALIA,CHORDATA,PSITTACIFORMES,AVES,PSITTACIDAE,Psittacella,picta,,,,,"Rothschild, 1896","<em>Psittacella picta </em>and <em>P. lorentzi</em> (del Hoyo and Collar 2014) were previously lumped as <em>P. picta </em>following Sibley and Monroe (1990, 1993)."
45419842,Psittacella lorentzi,ANIMALIA,CHORDATA,PSITTACIFORMES,AVES,PSITTACIDAE,Psittacella,lorentzi,,,,,"van Oort, 1910","<em>Psittacella picta </em>and <em>P. lorentzi</em> (del Hoyo and Collar 2014) were previously lumped as <em>P. picta </em>following Sibley and Monroe (1990, 1993)."
45420837,Cyclopsitta nigrifrons,ANIMALIA,CHORDATA,PSITTACIFORMES,AVES,PSITTACIDAE,Cyclopsitta,nigrifrons,,,,,"(Reichenow, 1891)","<em>Cyclopsitta gulielmitertii,</em> <em>C. melanogenia</em>, <em>C. amabilis</em> and <em>C. nigrifrons </em>(del Hoyo and Collar<em> </em>2014) were previously lumped as <em>C. gulielmitertii </em>following Sibley and Monroe (1990, 1993)."
45421217,Pyrrhura emma,ANIMALIA,CHORDATA,PSITTACIFORMES,AVES,PSITTACIDAE,Pyrrhura,emma,,,,,"Salvadori, 1891","<em>Pyrrhura leucotis</em> and <em>P. emma</em> (del Hoyo and Collar 2014) were previously lumped as <em>P. leucotis</em>, under which <em>P. griseipectus</em> and <em>P. pfrimeri </em>were also formerly subsumed following (Sibley and Monroe 1990, 1993)."
45422115,Pyrrhura picta,ANIMALIA,CHORDATA,PSITTACIFORMES,AVES,PSITTACIDAE,Pyrrhura,picta,,,,,"(Müller, 1776)","<em>Pyrrhura picta</em>, <em>P. snethlageae</em>, <em>P. parvifrons</em>, <em>P. amazonum</em>, <em>P. lucianii</em>, <em>P. roseifrons</em>, <em>P. peruviana</em>, <em>P. subandina</em>, <em>P. caeruleiceps</em> and <em>P. eisenmanni </em>(del Hoyo and Collar 2014) were previously lumped as <em>P. picta</em> following Sibley and Monroe (1990, 1993)."
45422118,Pyrrhura amazonum,ANIMALIA,CHORDATA,PSITTACIFORMES,AVES,PSITTACIDAE,Pyrrhura,amazonum,,,,,"Hellmayr, 1906","<em>Pyrrhura picta</em>, <em>P. snethlageae</em>, <em>P. parvifrons</em>, <em>P. amazonum</em>, <em>P. lucianii</em>, <em>P. roseifrons</em>, <em>P. peruviana</em>, <em>P. subandina</em>, <em>P. caeruleiceps</em> and <em>P. eisenmanni </em>(del Hoyo and Collar 2014) were previously lumped as <em>P. picta</em> following Sibley and Monroe (1990, 1993)."
45422133,Pyrrhura lucianii,ANIMALIA,CHORDATA,PSITTACIFORMES,AVES,PSITTACIDAE,Pyrrhura,lucianii,,,,,"(Deville, 1851)","<em>Pyrrhura picta</em>, <em>P. snethlageae</em>, <em>P. parvifrons</em>, <em>P. amazonum</em>, <em>P. lucianii</em>, <em>P. roseifrons</em>, <em>P. peruviana</em>, <em>P. subandina</em>, <em>P. caeruleiceps</em> and <em>P. eisenmanni </em>(del Hoyo and Collar 2014) were previously lumped as <em>P. picta</em> following Sibley and Monroe (1990, 1993)."
45422220,Pyrrhura roseifrons,ANIMALIA,CHORDATA,PSITTACIFORMES,AVES,PSITTACIDAE,Pyrrhura,roseifrons,,,,,"(G. R. Gray, 1859)","<em>Pyrrhura picta</em>, <em>P. snethlageae</em>, <em>P. parvifrons</em>, <em>P. amazonum</em>, <em>P. lucianii</em>, <em>P. roseifrons</em>, <em>P. peruviana</em>, <em>P. subandina</em>, <em>P. caeruleiceps</em> and <em>P. eisenmanni </em>(del Hoyo and Collar 2014) were previously lumped as <em>P. picta</em> following Sibley and Monroe (1990, 1993)."
45422277,Pyrrhura parvifrons,ANIMALIA,CHORDATA,PSITTACIFORMES,AVES,PSITTACIDAE,Pyrrhura,parvifrons,,,,,"Arndt, 2008","<em>Pyrrhura picta</em>, <em>P. snethlageae</em>, <em>P. parvifrons</em>, <em>P. amazonum</em>, <em>P. lucianii</em>, <em>P. roseifrons</em>, <em>P. peruviana</em>, <em>P. subandina</em>, <em>P. caeruleiceps</em> and <em>P. eisenmanni </em>(del Hoyo and Collar 2014) were previously lumped as <em>P. picta</em> following Sibley and Monroe (1990, 1993)."
45422316,Pyrrhura peruviana,ANIMALIA,CHORDATA,PSITTACIFORMES,AVES,PSITTACIDAE,Pyrrhura,peruviana,,,,,"Hocking &lt;i&gt;et al&lt;/i&gt;., 2002","<em>Pyrrhura picta</em>, <em>P. snethlageae</em>, <em>P. parvifrons</em>, <em>P. amazonum</em>, <em>P. lucianii</em>, <em>P. roseifrons</em>, <em>P. peruviana</em>, <em>P. subandina</em>, <em>P. caeruleiceps</em> and <em>P. eisenmanni </em>(del Hoyo and Collar 2014) were previously lumped as <em>P. picta</em> following Sibley and Monroe (1990, 1993)."
45422369,Pyrrhura snethlageae,ANIMALIA,CHORDATA,PSITTACIFORMES,AVES,PSITTACIDAE,Pyrrhura,snethlageae,,,,,"Joseph &amp; Blake, 2002","<em>Pyrrhura picta</em>, <em>P. snethlageae</em>, <em>P. parvifrons</em>, <em>P. amazonum</em>, <em>P. lucianii</em>, <em>P. roseifrons</em>, <em>P. peruviana</em>, <em>P. subandina</em>, <em>P. caeruleiceps</em> and <em>P. eisenmanni </em>(del Hoyo and Collar 2014) were previously lumped as <em>P. picta</em> following Sibley and Monroe (1990, 1993)."
45422401,Pyrrhura subandina,ANIMALIA,CHORDATA,PSITTACIFORMES,AVES,PSITTACIDAE,Pyrrhura,subandina,,,,,"Todd, 1917","<em>Pyrrhura picta</em>, <em>P. snethlageae</em>, <em>P. parvifrons</em>, <em>P. amazonum</em>, <em>P. lucianii</em>, <em>P. roseifrons</em>, <em>P. peruviana</em>, <em>P. subandina</em>, <em>P. caeruleiceps</em> and <em>P. eisenmanni </em>(del Hoyo and Collar 2014) were previously lumped as <em>P. picta</em> following Sibley and Monroe (1990, 1993)."
45422600,Pyrrhura caeruleiceps,ANIMALIA,CHORDATA,PSITTACIFORMES,AVES,PSITTACIDAE,Pyrrhura,caeruleiceps,,,,,"Todd, 1947","<em>Pyrrhura picta</em>, <em>P. snethlageae</em>, <em>P. parvifrons</em>, <em>P. amazonum</em>, <em>P. lucianii</em>, <em>P. roseifrons</em>, <em>P. peruviana</em>, <em>P. subandina</em>, <em>P. caeruleiceps</em> and <em>P. eisenmanni </em>(del Hoyo and Collar 2014) were previously lumped as <em>P. picta</em> following Sibley and Monroe (1990, 1993)."
45422623,Pyrrhura eisenmanni,ANIMALIA,CHORDATA,PSITTACIFORMES,AVES,PSITTACIDAE,Pyrrhura,eisenmanni,,,,,"Delgado, 1985","<em>Pyrrhura picta</em>, <em>P. snethlageae</em>, <em>P. parvifrons</em>, <em>P. amazonum</em>, <em>P. lucianii</em>, <em>P. roseifrons</em>, <em>P. peruviana</em>, <em>P. subandina</em>, <em>P. caeruleiceps</em> and <em>P. eisenmanni </em>(del Hoyo and Collar 2014) were previously lumped as <em>P. picta</em> following Sibley and Monroe (1990, 1993)."
45426696,Pyrrhura pacifica,ANIMALIA,CHORDATA,PSITTACIFORMES,AVES,PSITTACIDAE,Pyrrhura,pacifica,,,,,"Chapman, 1915","<em>Pyrrhura melanura</em> and <em>P. pacifica</em> (del Hoyo and Collar 2014) were previously lumped as <em>P. melanura</em> following Sibley and Monroe (1990, 1993)."
45427286,Myiopsitta luchsi,ANIMALIA,CHORDATA,PSITTACIFORMES,AVES,PSITTACIDAE,Myiopsitta,luchsi,,,,,"(Finsch, 1868)","<em>Myiopsitta monachus</em> and <em>M. luchsi</em> (del Hoyo and Collar 2014) were previously lumped as <em>M. monachus</em> following Sibley and Monroe (1990, 1993)."
45428646,Forpus xanthopterygius,ANIMALIA,CHORDATA,PSITTACIFORMES,AVES,PSITTACIDAE,Forpus,xanthopterygius,,,,,"(Taczanowski, 1883)","<em>Forpus xanthopterygius</em> and <em>F. spengeli</em> (del Hoyo and Collar 2014) were previously lumped as <em>F. xanthopterygius</em> following Sibley and Monroe (1990, 1993)."
45428679,Forpus spengeli,ANIMALIA,CHORDATA,PSITTACIFORMES,AVES,PSITTACIDAE,Forpus,spengeli,,,,,"(Hartlaub, 1885)","<em>Forpus xanthopterygius</em> and <em>F. spengeli</em> (del Hoyo and Collar 2014) were previously lumped as <em>F. xanthopterygius</em> following Sibley and Monroe (1990, 1993)."
45429607,Pionus menstruus,ANIMALIA,CHORDATA,PSITTACIFORMES,AVES,PSITTACIDAE,Pionus,menstruus,,,,,"(Linnaeus, 1766)","<em>Pionus menstruus</em> and <em>P. reichenowi</em> (del Hoyo and Collar 2014) were previously lumped as <em>P. menstruus</em> following Sibley and Monroe (1990, 1993)."
45430572,Amazona farinosa,ANIMALIA,CHORDATA,PSITTACIFORMES,AVES,PSITTACIDAE,Amazona,farinosa,,,,,"(Boddaert, 1783)","<em>Amazona farinosa</em> and <em>A. guatemalae</em> (del Hoyo and Collar 2014) were previously lumped as <em>A. farinosa</em> following Sibley and Monroe (1990, 1993)."
61958763,Diopsittaca nobilis,ANIMALIA,CHORDATA,PSITTACIFORMES,AVES,PSITTACIDAE,Diopsittaca,nobilis,,,,,"(Linnaeus, 1758)","<em>Diopsittaca nobilis</em> and <em>D. cumanensis</em> (del Hoyo and Collar 2014) were previously lumped as <em>D. nobilis</em> following Sibley and Monroe (1990, 1993)."
61958866,Diopsittaca cumanensis,ANIMALIA,CHORDATA,PSITTACIFORMES,AVES,PSITTACIDAE,Diopsittaca,cumanensis,,,,,"(Lichtenstein, 1823)","<em>Diopsittaca nobilis</em> and <em>D. cumanensis</em> (del Hoyo and Collar 2014) were previously lumped as <em>D. nobilis</em> following Sibley and Monroe (1990, 1993)."
62181308,Pionites leucogaster,ANIMALIA,CHORDATA,PSITTACIFORMES,AVES,PSITTACIDAE,Pionites,leucogaster,,,,,"(Kuhl, 1820)","<em>Pionites leucogaster</em>, <em>P. xanthomerius</em> and <em>P. xanthurus</em> (del Hoyo and Collar 2014) were previously lumped as <em>P. leucogaster</em> following Sibley and Monroe (1990, 1993)."
62181349,Pionites xanthomerius,ANIMALIA,CHORDATA,PSITTACIFORMES,AVES,PSITTACIDAE,Pionites,xanthomerius,,,,,"(P.L. Sclater, 1858) ","<em>Pionites leucogaster</em>, <em>P. xanthomerius</em> and <em>P. xanthurus</em> (del Hoyo and Collar 2014) were previously lumped as <em>P. leucogaster</em> following Sibley and Monroe (1990, 1993)."
62181371,Pionites xanthurus,ANIMALIA,CHORDATA,PSITTACIFORMES,AVES,PSITTACIDAE,Pionites,xanthurus,,,,,"Todd, 1925","<em>Pionites leucogaster</em>, <em>P. xanthomerius</em> and <em>P. xanthurus</em> (del Hoyo and Collar 2014) were previously lumped as <em>P. leucogaster</em> following Sibley and Monroe (1990, 1993)."
62233372,Aratinga solstitialis,ANIMALIA,CHORDATA,PSITTACIFORMES,AVES,PSITTACIDAE,Aratinga,solstitialis,,,,,"(Linnaeus, 1758)","<em>Aratinga solstitialis</em> and <em>A. maculata</em> (del Hoyo and Collar 2014) were previously lumped as <em>A.</em> <em>solstitialis</em> following Sibley and Monroe (1990, 1993) and Stotz <em>et al.</em> (1996)."
62292583,Coracopsis sibilans,ANIMALIA,CHORDATA,PSITTACIFORMES,AVES,PSITTACIDAE,Coracopsis,sibilans,,,,,"Milne-Edwards &amp; Oustalet, 1885","<em>Coracopsis nigra</em>,<em> C. barklyi</em> and <em>C. sibilans</em> (del Hoyo and Collar 2014) were previously lumped as <em>C. nigra</em> following Sibley and Monroe (1990, 1993)."
62293270,Psittacara frontatus,ANIMALIA,CHORDATA,PSITTACIFORMES,AVES,PSITTACIDAE,Psittacara,frontatus,,,,,"(Cabanis, 1846)","<em>Psittacara wagleri</em> and <em>P. frontatus</em> (del Hoyo and Collar 2014) were previously placed in the genus <em>Aratinga </em>and lumped as <em>A. wagleri</em> following Sibley and Monroe (1990, 1993)."
62293391,Psittacara wagleri,ANIMALIA,CHORDATA,PSITTACIFORMES,AVES,PSITTACIDAE,Psittacara,wagleri,,,,,"(G. R. Gray, 1845)","<em>Psittacara wagleri</em> and <em>P. frontatus</em> (del Hoyo and Collar 2014) were previously placed in the genus <em>Aratinga </em>and lumped as <em>A. wagleri</em> following Sibley and Monroe (1990, 1993)."
22684621,Lorius chlorocercus,ANIMALIA,CHORDATA,PSITTACIFORMES,AVES,PSITTACIDAE,Lorius,chlorocercus,,,,,"Gould, 1856",
22684641,Vini peruviana,ANIMALIA,CHORDATA,PSITTACIFORMES,AVES,PSITTACIDAE,Vini,peruviana,,,,,"(Müller, 1776)",
22725334,Trichoglossus moluccanus,ANIMALIA,CHORDATA,PSITTACIFORMES,AVES,PSITTACIDAE,Trichoglossus,moluccanus,,,,,"(Gmelin, 1788)","<p><em>Trichoglossus haematodus, T. forsteni, T. capistratus, T. weberi, T. rubritorquis, T. moluccanus </em>and<em> T. rosenbergii </em>(del Hoyo and Collar 2014) were previously lumped as <em>T. haematodus </em>following Christidis and Boles (1994), and before then were split as <em>T. haematodus </em>and<em> T. rubritorquis </em>following Sibley and Monroe (1990, 1993).</p>"
22684969,Prioniturus luconensis,ANIMALIA,CHORDATA,PSITTACIFORMES,AVES,PSITTACIDAE,Prioniturus,luconensis,,,,,"Steere, 1890",
22685016,Tanygnathus gramineus,ANIMALIA,CHORDATA,PSITTACIFORMES,AVES,PSITTACIDAE,Tanygnathus,gramineus,,,,,"(Gmelin, 1788)",
22685766,Rhynchopsitta pachyrhyncha,ANIMALIA,CHORDATA,PSITTACIFORMES,AVES,PSITTACIDAE,Rhynchopsitta,pachyrhyncha,,,,,"(Swainson, 1827)",
22686325,Amazona barbadensis,ANIMALIA,CHORDATA,PSITTACIFORMES,AVES,PSITTACIDAE,Amazona,barbadensis,,,,,"(Gmelin, 1788)",
22685434,Palaeornis eupatria,ANIMALIA,CHORDATA,PSITTACIFORMES,AVES,PSITTACIDAE,Palaeornis,eupatria,,,,,"(Linnaeus, 1766)","<em>Palaeornis eupatria&#160;</em>(Handbook of the Birds of the World and BirdLife International 2020) was previously listed as&#160;<em>Psittacula&#160;</em><em>eupatria</em><em>&#160;</em>(del Hoyo&#160;<em>et al.&#160;</em>2014).&#160;Braun&#160;<em>et al</em>. (2019) report the situation where the parrot genera&#160;<em>Psittinus</em>,&#160;<em>Tanygnathus</em>&#160;and&#160;<em>Mascarinus</em>&#160;nest genetically within&#160;<em>Psittacula</em>, meaning that either&#160;<em>Psittacula</em>&#160;replaces these latter three genera or it breaks down into monophyletic genera of their own. The latter course is preferred, building on Braun&#160;<em>et al</em>. (2016), where several genera were established or resurrected including <em>Palaeornis</em><em>&#160;</em>for&#160;<em>P.&#160;</em><em>eupatria</em><em>&#160;</em>and&#160;<em>P. wardi</em>."
22726309,Trichoglossus weberi,ANIMALIA,CHORDATA,PSITTACIFORMES,AVES,PSITTACIDAE,Trichoglossus,weberi,,,,,"Büttikofer, 1894","<p><em>Trichoglossus haematodus, T. forsteni, T. capistratus, T. weberi, T. rubritorquis, T. moluccanus </em>and<em> T. rosenbergii </em>(del Hoyo and Collar 2014) were previously lumped as <em>T. haematodus </em>following Christidis and Boles (1994), and before then were split as <em>T. haematodus </em>and<em> T. rubritorquis </em>following Sibley and Monroe (1990, 1993).</p>"
22685486,Himalayapsitta roseata,ANIMALIA,CHORDATA,PSITTACIFORMES,AVES,PSITTACIDAE,Himalayapsitta,roseata,,,,,"(Biswas, 1951)","<em>Himalayapsitta roseata&#160;</em>(Handbook of the Birds of the World and BirdLife International 2020) was previously listed as&#160;<em>Psittacula roseata&#160;</em>(del Hoyo&#160;<em>et al.&#160;</em>2014).&#160;Braun&#160;<em>et al</em>. (2019) report the situation where the parrot genera&#160;<em>Psittinus</em>,&#160;<em>Tanygnathus</em>&#160;and&#160;<em>Mascarinus</em>&#160;nest genetically within&#160;<em>Psittacula</em>, meaning that either&#160;<em>Psittacula</em>&#160;replaces these latter three genera or it breaks down into monophyletic genera of their own. The latter course is preferred, building on Braun&#160;<em>et al</em>. (2016), where several genera were established, including&#160;<em>Himalayapsitta&#160;</em>for&#160;<em>P. finschii</em>,&#160;<em>P. himalayana</em>,&#160;<em>P. roseata&#160;</em>and&#160;<em>P. cyanocephala</em>."
22685505,Psittacula alexandri,ANIMALIA,CHORDATA,PSITTACIFORMES,AVES,PSITTACIDAE,Psittacula,alexandri,,,,,"(Linnaeus, 1758)",
22685473,Himalayapsitta finschii,ANIMALIA,CHORDATA,PSITTACIFORMES,AVES,PSITTACIDAE,Himalayapsitta,finschii,,,,,"(Hume, 1874)","<em>Himalayapsitta finschii&#160;</em>(Handbook of the Birds of the World and BirdLife International 2020) was previously listed as&#160;<em>Psittacula finschii&#160;</em>(del Hoyo&#160;<em>et al.&#160;</em>2014).&#160;Braun&#160;<em>et al</em>. (2019) report the situation where the parrot genera&#160;<em>Psittinus</em>,&#160;<em>Tanygnathus</em>&#160;and&#160;<em>Mascarinus</em>&#160;nest genetically within&#160;<em>Psittacula</em>, meaning that either&#160;<em>Psittacula</em>&#160;replaces these latter three genera or it breaks down into monophyletic genera of their own. The latter course is preferred, building on Braun&#160;<em>et al</em>. (2016), where several genera were established, including&#160;<em>Himalayapsitta&#160;</em>for&#160;<em>P. finschii</em>,&#160;<em>P. himalayana</em>,&#160;<em>P. roseata&#160;</em>and&#160;<em>P. cyanocephala</em>."
22684581,Lorius garrulus,ANIMALIA,CHORDATA,PSITTACIFORMES,AVES,PSITTACIDAE,Lorius,garrulus,,,,,"(Linnaeus, 1758)",
22684671,Charmosyna toxopei,ANIMALIA,CHORDATA,PSITTACIFORMES,AVES,PSITTACIDAE,Charmosyna,toxopei,,,,,"(Siebers, 1930)",
22684795,Cacatua haematuropygia,ANIMALIA,CHORDATA,PSITTACIFORMES,AVES,CACATUIDAE,Cacatua,haematuropygia,,,,,"(Müller, 1776)",
22686296,Amazona brasiliensis,ANIMALIA,CHORDATA,PSITTACIFORMES,AVES,PSITTACIDAE,Amazona,brasiliensis,,,,,"(Linnaeus, 1758)",
22685025,Psittrichas fulgidus,ANIMALIA,CHORDATA,PSITTACIFORMES,AVES,PSITTACIDAE,Psittrichas,fulgidus,,,,,"(Lesson, 1830)",
45421208,Pyrrhura leucotis,ANIMALIA,CHORDATA,PSITTACIFORMES,AVES,PSITTACIDAE,Pyrrhura,leucotis,,,,,"(Kuhl, 1820)","<em>Pyrrhura leucotis</em> and <em>P. emma</em> (del Hoyo and Collar 2014) were previously lumped as <em>P. leucotis</em>, under which <em>P. griseipectus</em> and <em>P. pfrimeri </em>were also formerly subsumed following (Sibley and Monroe 1990, 1993)."
22685949,Forpus coelestis,ANIMALIA,CHORDATA,PSITTACIFORMES,AVES,PSITTACIDAE,Forpus,coelestis,,,,,"(Lesson, 1847)",
22686014,Touit huetii,ANIMALIA,CHORDATA,PSITTACIFORMES,AVES,PSITTACIDAE,Touit,huetii,,,,,"(Temminck, 1830)",
22727593,Cyclopsitta coxeni,ANIMALIA,CHORDATA,PSITTACIFORMES,AVES,PSITTACIDAE,Cyclopsitta,coxeni,,,,,"Gould, 1867","<p><em>Cyclopsitta diophthalma </em>and <em>C. coxeni </em>(del Hoyo and Collar 2014) were previously lumped as <em>C. diophthalma</em> following Sibley and Monroe (1990, 1993).<em></em></p>"
22686374,Amazona vinacea,ANIMALIA,CHORDATA,PSITTACIFORMES,AVES,PSITTACIDAE,Amazona,vinacea,,,,,"(Kuhl, 1820)",
22686342,Amazona auropalliata,ANIMALIA,CHORDATA,PSITTACIFORMES,AVES,PSITTACIDAE,Amazona,auropalliata,,,,,"(Lesson, 1842)",
22686288,Amazona rhodocorytha,ANIMALIA,CHORDATA,PSITTACIFORMES,AVES,PSITTACIDAE,Amazona,rhodocorytha,,,,,"(Salvadori, 1890)",
119194858,Poicephalus robustus,ANIMALIA,CHORDATA,PSITTACIFORMES,AVES,PSITTACIDAE,Poicephalus,robustus,,,,,"(Gmelin, 1788)","<em>Poicephalus robustus</em> and <em>P. fuscicollis</em> (HBW and BirdLife International 2017) were previously lumped as <em>P. robustus</em> (del Hoyo and Collar 2014), but have been split following work by Collar and Fishpool (2017) who showed that the form <em>robustus</em>  reached species rank under the Tobias criteria on morphological scoring  alone, with the difference augmented by voice (7+3 = 10). The  newly-defined <em>P. robustus</em> is monotypic, while <em>P. </em><em>fuscicollis </em>is polytypic, including the races <em>fuscicollis</em> and<em> suahelicus.</em>"
22732670,Poicephalus fuscicollis,ANIMALIA,CHORDATA,PSITTACIFORMES,AVES,PSITTACIDAE,Poicephalus,fuscicollis,,,,,"(Kuhl, 1820)","<p><em>Poicephalus robustus</em> and <em>P. fuscicollis</em> (HBW and BirdLife International 2017) were previously lumped as <em>P. robustus</em> (del Hoyo and Collar 2014), but have been split following work by Collar and Fishpool (2017) who showed that the form <em>robustus</em> reached species rank under the Tobias criteria on morphological scoring alone, with the difference augmented by voice (7+3 = 10). The newly-defined <em>P. robustus</em> is monotypic, while <em>P. </em><em>fuscicollis </em>is polytypic, including the races <em>fuscicollis</em> and<em> suahelicus</em>.</p>"
22728354,Eunymphicus uvaeensis,ANIMALIA,CHORDATA,PSITTACIFORMES,AVES,PSITTACIDAE,Eunymphicus,uvaeensis,,,,,"(Layard, 1882)",
62307504,Eclectus infectus,ANIMALIA,CHORDATA,PSITTACIFORMES,AVES,PSITTACIDAE,Eclectus,infectus,,,,,"Steadman, 2006",<em>Eclectus infectus</em> (del Hoyo and Collar 2014) was newly-described from subfossil remains by Steadman (2006).
22684831,Nestor notabilis,ANIMALIA,CHORDATA,PSITTACIFORMES,AVES,STRIGOPIDAE,Nestor,notabilis,,,,,"Gould, 1856",
22684954,Prioniturus montanus,ANIMALIA,CHORDATA,PSITTACIFORMES,AVES,PSITTACIDAE,Prioniturus,montanus,,,,,"Ogilvie-Grant, 1895",
22684986,Prioniturus verticalis,ANIMALIA,CHORDATA,PSITTACIFORMES,AVES,PSITTACIDAE,Prioniturus,verticalis,,,,,"Sharpe, 1893",
22684693,Charmosyna amabilis,ANIMALIA,CHORDATA,PSITTACIFORMES,AVES,PSITTACIDAE,Charmosyna,amabilis,,,,,"(Ramsay, 1875)",
22685245,Strigops habroptila,ANIMALIA,CHORDATA,PSITTACIFORMES,AVES,STRIGOPIDAE,Strigops,habroptila,,,,,"Gray, 1845",
22724813,Psittacus erithacus,ANIMALIA,CHORDATA,PSITTACIFORMES,AVES,PSITTACIDAE,Psittacus,erithacus,,,,,"Linnaeus, 1758",
22686163,Hapalopsittaca fuertesi,ANIMALIA,CHORDATA,PSITTACIFORMES,AVES,PSITTACIDAE,Hapalopsittaca,fuertesi,,,,,"(Chapman, 1912)",
22685072,Polytelis swainsonii,ANIMALIA,CHORDATA,PSITTACIFORMES,AVES,PSITTACIDAE,Polytelis,swainsonii,,,,,"(Desmarest, 1826)",
22684491,Chalcopsitta duivenbodei,ANIMALIA,CHORDATA,PSITTACIFORMES,AVES,PSITTACIDAE,Chalcopsitta,duivenbodei,,,,,"(Dubois, 1884)",
22684578,Psitteuteles goldiei,ANIMALIA,CHORDATA,PSITTACIFORMES,AVES,PSITTACIDAE,Psitteuteles,goldiei,,,,,"Sharpe, 1882",
22684594,Lorius lory,ANIMALIA,CHORDATA,PSITTACIFORMES,AVES,PSITTACIDAE,Lorius,lory,,,,,"(Linnaeus, 1758)",
22684823,Cacatua ducorpsii,ANIMALIA,CHORDATA,PSITTACIFORMES,AVES,CACATUIDAE,Cacatua,ducorpsii,,,,,"Pucheran, 1853",
22684945,Geoffroyus geoffroyi,ANIMALIA,CHORDATA,PSITTACIFORMES,AVES,PSITTACIDAE,Geoffroyus,geoffroyi,,,,,"(Bechstein, 1811)",
22684997,Prioniturus platurus,ANIMALIA,CHORDATA,PSITTACIFORMES,AVES,PSITTACIDAE,Prioniturus,platurus,,,,,"(Vieillot, 1818)",
22685338,Agapornis swindernianus,ANIMALIA,CHORDATA,PSITTACIFORMES,AVES,PSITTACIDAE,Agapornis,swindernianus,,,,,"(Kuhl, 1820)",
22685577,Ara severus,ANIMALIA,CHORDATA,PSITTACIFORMES,AVES,PSITTACIDAE,Ara,severus,,,,,"(Linnaeus, 1758)",
22685820,Pyrrhura molinae,ANIMALIA,CHORDATA,PSITTACIFORMES,AVES,PSITTACIDAE,Pyrrhura,molinae,,,,,"(Massena & Souancé, 1854)",
22685963,Brotogeris chiriri,ANIMALIA,CHORDATA,PSITTACIFORMES,AVES,PSITTACIDAE,Brotogeris,chiriri,,,,,"(Vieillot, 1818)",
22686021,Touit dilectissimus,ANIMALIA,CHORDATA,PSITTACIFORMES,AVES,PSITTACIDAE,Touit,dilectissimus,,,,,"(Sclater & Salvin, 1871)",
22686090,Pionopsitta pileata,ANIMALIA,CHORDATA,PSITTACIFORMES,AVES,PSITTACIDAE,Pionopsitta,pileata,,,,,"(Scopoli, 1769)",
22685542,Ara glaucogularis,ANIMALIA,CHORDATA,PSITTACIFORMES,AVES,PSITTACIDAE,Ara,glaucogularis,,,,,"Dabbene, 1921",
22685219,Lathamus discolor,ANIMALIA,CHORDATA,PSITTACIFORMES,AVES,PSITTACIDAE,Lathamus,discolor,,,,,"(White, 1790)",
22724562,Cyanoramphus malherbi,ANIMALIA,CHORDATA,PSITTACIFORMES,AVES,PSITTACIDAE,Cyanoramphus,malherbi,,,,,"Souancé, 1857",
22685203,Neophema chrysogaster,ANIMALIA,CHORDATA,PSITTACIFORMES,AVES,PSITTACIDAE,Neophema,chrysogaster,,,,,"(Latham, 1790)",
22685261,Coracopsis vasa,ANIMALIA,CHORDATA,PSITTACIFORMES,AVES,PSITTACIDAE,Coracopsis,vasa,,,,,"(Shaw, 1812)",
22685513,Belocercus longicaudus,ANIMALIA,CHORDATA,PSITTACIFORMES,AVES,PSITTACIDAE,Belocercus,longicaudus,,,,,"(Boddaert, 1783)","<em>Belocercus longicaudus&#160;</em>(Handbook of the Birds of the World and BirdLife International 2020) was previously listed as&#160;<em>Psittacula&#160;</em><em>longicauda</em><em>&#160;</em>(del Hoyo&#160;<em>et al.&#160;</em>2014).&#160;Braun&#160;<em>et al</em>. (2019) report the situation where the parrot genera&#160;<em>Psittinus</em>,&#160;<em>Tanygnathus</em>&#160;and&#160;<em>Mascarinus</em>&#160;nest genetically within&#160;<em>Psittacula</em>, meaning that either&#160;<em>Psittacula</em>&#160;replaces these latter three genera or it breaks down into monophyletic genera of their own. The latter course is preferred, building on Braun&#160;<em>et al</em>. (2016), where several genera were established or resurrected including&#160;<em>Belocercus</em><em>&#160;</em>for&#160;<em>P. longicauda</em>."
22685572,Ara rubrogenys,ANIMALIA,CHORDATA,PSITTACIFORMES,AVES,PSITTACIDAE,Ara,rubrogenys,,,,,"Lafresnaye, 1847",
22686017,Touit costaricensis,ANIMALIA,CHORDATA,PSITTACIFORMES,AVES,PSITTACIDAE,Touit,costaricensis,,,,,"(Cory, 1913)",
22684758,Eolophus roseicapilla,ANIMALIA,CHORDATA,PSITTACIFORMES,AVES,CACATUIDAE,Eolophus,roseicapilla,,,,,"(Vieillot, 1817)",<em>Eolophus roseicapilla</em> (del Hoyo and Collar 2014) was previously placed in the genus <em>Cacatua</em>.
22684777,Cacatua sulphurea,ANIMALIA,CHORDATA,PSITTACIFORMES,AVES,CACATUIDAE,Cacatua,sulphurea,,,,,"(Gmelin, 1788)",
22685326,Agapornis canus,ANIMALIA,CHORDATA,PSITTACIFORMES,AVES,PSITTACIDAE,Agapornis,canus,,,,,"(Gmelin, 1788)",
22684509,Eos bornea,ANIMALIA,CHORDATA,PSITTACIFORMES,AVES,PSITTACIDAE,Eos,bornea,,,,,"(Linnaeus, 1758)",
22684755,Callocephalon fimbriatum,ANIMALIA,CHORDATA,PSITTACIFORMES,AVES,CACATUIDAE,Callocephalon,fimbriatum,,,,,"(Grant, 1803)",
22684767,Cacatua leadbeateri,ANIMALIA,CHORDATA,PSITTACIFORMES,AVES,CACATUIDAE,Cacatua,leadbeateri,,,,,"(Vigors, 1831)",
22684781,Cacatua galerita,ANIMALIA,CHORDATA,PSITTACIFORMES,AVES,CACATUIDAE,Cacatua,galerita,,,,,"(Latham, 1790)",
22684789,Cacatua alba,ANIMALIA,CHORDATA,PSITTACIFORMES,AVES,CACATUIDAE,Cacatua,alba,,,,,"(Müller, 1776)",
22684800,Cacatua goffiniana,ANIMALIA,CHORDATA,PSITTACIFORMES,AVES,CACATUIDAE,Cacatua,goffiniana,,,,,"(Finsch, 1863)",
22684813,Cacatua sanguinea,ANIMALIA,CHORDATA,PSITTACIFORMES,AVES,CACATUIDAE,Cacatua,sanguinea,,,,,"Gould, 1843",
22685342,Agapornis roseicollis,ANIMALIA,CHORDATA,PSITTACIFORMES,AVES,PSITTACIDAE,Agapornis,roseicollis,,,,,"(Vieillot, 1818)",
22685346,Agapornis fischeri,ANIMALIA,CHORDATA,PSITTACIFORMES,AVES,PSITTACIDAE,Agapornis,fischeri,,,,,"Reichenow, 1887",
22685352,Agapornis personatus,ANIMALIA,CHORDATA,PSITTACIFORMES,AVES,PSITTACIDAE,Agapornis,personatus,,,,,"Reichenow, 1887",
22685356,Agapornis lilianae,ANIMALIA,CHORDATA,PSITTACIFORMES,AVES,PSITTACIDAE,Agapornis,lilianae,,,,,"Shelley, 1894",
22685539,Ara ararauna,ANIMALIA,CHORDATA,PSITTACIFORMES,AVES,PSITTACIDAE,Ara,ararauna,,,,,"(Linnaeus, 1758)",
22685745,Eupsittula pertinax,ANIMALIA,CHORDATA,PSITTACIFORMES,AVES,PSITTACIDAE,Eupsittula,pertinax,,,,,"(Linnaeus, 1758)",<em>Eupsittula pertinax</em> (del Hoyo and Collar 2014) was previously placed in the genus <em>Aratinga</em>.
22685752,Aratinga nenday,ANIMALIA,CHORDATA,PSITTACIFORMES,AVES,PSITTACIDAE,Aratinga,nenday,,,,,"(Vieillot, 1823)",<em>Aratinga nenday</em> (del Hoyo and Collar 2014) was previously placed in the genus <em>Nandayus</em>.
22685926,Forpus passerinus,ANIMALIA,CHORDATA,PSITTACIFORMES,AVES,PSITTACIDAE,Forpus,passerinus,,,,,"(Linnaeus, 1758)",
22685959,Brotogeris versicolurus,ANIMALIA,CHORDATA,PSITTACIFORMES,AVES,PSITTACIDAE,Brotogeris,versicolurus,,,,,"(Müller, 1776)",
22686222,Amazona albifrons,ANIMALIA,CHORDATA,PSITTACIFORMES,AVES,PSITTACIDAE,Amazona,albifrons,,,,,"(Sparrman, 1788)",
22686259,Amazona viridigenalis,ANIMALIA,CHORDATA,PSITTACIFORMES,AVES,PSITTACIDAE,Amazona,viridigenalis,,,,,"(Cassin, 1853)",
22686346,Amazona ochrocephala,ANIMALIA,CHORDATA,PSITTACIFORMES,AVES,PSITTACIDAE,Amazona,ochrocephala,,,,,"(Gmelin, 1788)",
22686350,Amazona amazonica,ANIMALIA,CHORDATA,PSITTACIFORMES,AVES,PSITTACIDAE,Amazona,amazonica,,,,,"(Linnaeus, 1766)",
22724703,Guaruba guarouba,ANIMALIA,CHORDATA,PSITTACIFORMES,AVES,PSITTACIDAE,Guaruba,guarouba,,,,,"(Gmelin, 1788)",
22727981,Cyanoramphus novaezelandiae,ANIMALIA,CHORDATA,PSITTACIFORMES,AVES,PSITTACIDAE,Cyanoramphus,novaezelandiae,,,,,"(Sparrman, 1787)","<p></p><p>  </p><p></p><p>  </p><p><em>Cyanoramphus novaezelandiae</em> (del Hoyo and Collar 2014<em></em>) was previously split as <em>C. novaezelandiae</em>, <em>C. cookii </em>(following Christidis and Boles 1994 and Turbott 1990), and <em>C. saisseti</em> (following Boon <em>et al.</em> 2001), and before then <em>C. saisseti</em> was lumped with <em>C. novaezelandiae</em>, with <em>C. cookii</em> treated as a separate species, following Sibley and Monroe (1990, 1993).</p>  <p></p>  <p></p>"
22728292,Amazona autumnalis,ANIMALIA,CHORDATA,PSITTACIFORMES,AVES,PSITTACIDAE,Amazona,autumnalis,,,,,"(Linnaeus, 1758)","<em>Amazona autumnalis</em>, <em>A. diadema</em> and <em>A. lilacina</em> (del Hoyo and Collar 2014) were previously lumped as <em>A. autumnalis</em> following Sibley and Monroe (1990, 1993)."
22728429,Cacatua ophthalmica,ANIMALIA,CHORDATA,PSITTACIFORMES,AVES,CACATUIDAE,Cacatua,ophthalmica,,,,,"Sclater, 1864",
45419296,Geoffroyus heteroclitus,ANIMALIA,CHORDATA,PSITTACIFORMES,AVES,PSITTACIDAE,Geoffroyus,heteroclitus,,,,,"(Hombron &amp; Jacquinot, 1841)","<em>Geoffroyus heteroclitus</em> and <em>G. hyacinthinus</em> (del Hoyo and Collar 2014) were previously lumped as <em>G. heteroclitus</em> following Sibley and Monroe (1990, 1993)."
22684567,Trichoglossus chlorolepidotus,ANIMALIA,CHORDATA,PSITTACIFORMES,AVES,PSITTACIDAE,Trichoglossus,chlorolepidotus,,,,,"(Kuhl, 1820)",
22684647,Vini ultramarina,ANIMALIA,CHORDATA,PSITTACIFORMES,AVES,PSITTACIDAE,Vini,ultramarina,,,,,"(Kuhl, 1820)",
22684828,Nymphicus hollandicus,ANIMALIA,CHORDATA,PSITTACIFORMES,AVES,CACATUIDAE,Nymphicus,hollandicus,,,,,"(Kerr, 1792)",
22685009,Tanygnathus lucionensis,ANIMALIA,CHORDATA,PSITTACIFORMES,AVES,PSITTACIDAE,Tanygnathus,lucionensis,,,,,"(Linnaeus, 1766)",
22685041,Prosopeia tabuensis,ANIMALIA,CHORDATA,PSITTACIFORMES,AVES,PSITTACIDAE,Prosopeia,tabuensis,,,,,"(Gmelin, 1788)",
22685223,Melopsittacus undulatus,ANIMALIA,CHORDATA,PSITTACIFORMES,AVES,PSITTACIDAE,Melopsittacus,undulatus,,,,,"(Shaw, 1805)",
22685410,Loriculus tener,ANIMALIA,CHORDATA,PSITTACIFORMES,AVES,PSITTACIDAE,Loriculus,tener,,,,,"Sclater, 1877",
22685441,Alexandrinus krameri,ANIMALIA,CHORDATA,PSITTACIFORMES,AVES,PSITTACIDAE,Alexandrinus,krameri,,,,,"(Scopoli, 1769)","<em>Alexandrinus krameri&#160;</em>(Handbook of the Birds of the World and BirdLife International 2020) was previously listed as&#160;<em>Psittacula&#160;</em><em>krameri</em><em>&#160;</em>(del Hoyo&#160;<em>et al.&#160;</em>2014).&#160;Braun&#160;<em>et al</em>. (2019) report the situation where the parrot genera&#160;<em>Psittinus</em>,&#160;<em>Tanygnathus</em>&#160;and&#160;<em>Mascarinus</em>&#160;nest genetically within&#160;<em>Psittacula</em>, meaning that either&#160;<em>Psittacula</em>&#160;replaces these latter three genera or it breaks down into monophyletic genera of their own. The latter course is preferred, building on Braun&#160;<em>et al</em>. (2016), where several genera were established, including&#160;<em>Alexandrinus&#160;</em>for&#160;<em>P. krameri</em>,<em>&#160;P. eques&#160;</em>and&#160;<em>P. exsul</em>."
22685593,Primolius couloni,ANIMALIA,CHORDATA,PSITTACIFORMES,AVES,PSITTACIDAE,Primolius,couloni,,,,,"(P.L. Sclater, 1876)",
22685648,Psittacara acuticaudatus,ANIMALIA,CHORDATA,PSITTACIFORMES,AVES,PSITTACIDAE,Psittacara,acuticaudatus,,,,,"(Vieillot, 1818)",<em>Psittacara acuticaudatus</em> (del Hoyo and Collar 2014) was previously placed in the genus <em>Aratinga</em> as <em>A. acuticaudata</em>.
22685669,Psittacara mitratus,ANIMALIA,CHORDATA,PSITTACIFORMES,AVES,PSITTACIDAE,Psittacara,mitratus,,,,,"(Tschudi, 1844)",<em>Psittacara mitratus</em> (del Hoyo and Collar 2014) was previously placed in the genus <em>Aratinga </em>as <em>A. mitrata</em>.
22685672,Psittacara erythrogenys,ANIMALIA,CHORDATA,PSITTACIFORMES,AVES,PSITTACIDAE,Psittacara,erythrogenys,,,,,"Lesson, 1844",<em>Psittacara erythrogenys</em> (del Hoyo and Collar 2014) was previously placed in the genus <em>Aratinga</em>.
22725310,Trichoglossus haematodus,ANIMALIA,CHORDATA,PSITTACIFORMES,AVES,PSITTACIDAE,Trichoglossus,haematodus,,,,,"(Linnaeus, 1771)","<p><em>Trichoglossus haematodus, T. forsteni, T. capistratus, T. weberi, T. rubritorquis, T. moluccanus </em>and<em> T. rosenbergii </em>(del Hoyo and Collar 2014) were previously lumped as <em>T. haematodus </em>following Christidis and Boles (1994), and before then were split as <em>T. haematodus </em>and<em> T. rubritorquis </em>following Sibley and Monroe (1990, 1993).</p>"
22733483,Platycercus elegans,ANIMALIA,CHORDATA,PSITTACIFORMES,AVES,PSITTACIDAE,Platycercus,elegans,,,,,"(Gmelin, 1788)",
22733968,Pyrrhura griseipectus,ANIMALIA,CHORDATA,PSITTACIFORMES,AVES,PSITTACIDAE,Pyrrhura,griseipectus,,,,,"Salvadori, 1900",
45427277,Myiopsitta monachus,ANIMALIA,CHORDATA,PSITTACIFORMES,AVES,PSITTACIDAE,Myiopsitta,monachus,,,,,"(Boddaert, 1783)","<em>Myiopsitta monachus</em> and <em>M. luchsi</em> (del Hoyo and Collar 2014) were previously lumped as <em>M. monachus</em> following Sibley and Monroe (1990, 1993)."
62296899,Psittacara holochlorus,ANIMALIA,CHORDATA,PSITTACIFORMES,AVES,PSITTACIDAE,Psittacara,holochlorus,,,,,"(P. L. Sclater, 1859)","<em>Psittacara holochlorus</em> (del Hoyo and Collar 2014) was formerly placed in the genus <em>Aratinga</em> and previously split into <em>A. holochlora</em> and <em>A. brevipes</em>, following Stotz <em>et al</em>. (1996)."
22685779,Cyanoliseus patagonus,ANIMALIA,CHORDATA,PSITTACIFORMES,AVES,PSITTACIDAE,Cyanoliseus,patagonus,,,,,"(Vieillot, 1818)",
22684515,Eos reticulata,ANIMALIA,CHORDATA,PSITTACIFORMES,AVES,PSITTACIDAE,Eos,reticulata,,,,,"(Müller, 1841)",
22685508,Psittacula caniceps,ANIMALIA,CHORDATA,PSITTACIFORMES,AVES,PSITTACIDAE,Psittacula,caniceps,,,,,"(Blyth, 1846)",
22685533,Cyanopsitta spixii,ANIMALIA,CHORDATA,PSITTACIFORMES,AVES,PSITTACIDAE,Cyanopsitta,spixii,,,,,"(Wagler, 1832)",
22685448,Alexandrinus eques,ANIMALIA,CHORDATA,PSITTACIFORMES,AVES,PSITTACIDAE,Alexandrinus,eques,,,,,"(Newton & Newton, 1876)","<em>Alexandrinus eques&#160;</em>(Handbook of the Birds of the World and BirdLife International 2020) was previously listed as&#160;<em>Psittacula&#160;</em><em>eques</em><em>&#160;</em>(del Hoyo&#160;<em>et al.&#160;</em>2014).&#160;Braun&#160;<em>et al</em>. (2019) report the situation where the parrot genera&#160;<em>Psittinus</em>,&#160;<em>Tanygnathus</em>&#160;and&#160;<em>Mascarinus</em>&#160;nest genetically within&#160;<em>Psittacula</em>, meaning that either&#160;<em>Psittacula</em>&#160;replaces these latter three genera or it breaks down into monophyletic genera of their own. The latter course is preferred, building on Braun&#160;<em>et al</em>. (2016), where several genera were established, including <em>Alexandrinus&#160;</em>for&#160;<em>P. krameri</em>,<em> P. eques&#160;</em>and&#160;<em>P. exsul</em>."
22685527,Anodorhynchus glaucus,ANIMALIA,CHORDATA,PSITTACIFORMES,AVES,PSITTACIDAE,Anodorhynchus,glaucus,,,,,"(Vieillot, 1816)",
22686332,Amazona aestiva,ANIMALIA,CHORDATA,PSITTACIFORMES,AVES,PSITTACIDAE,Amazona,aestiva,,,,,"(Linnaeus, 1758)",
22686411,Amazona imperialis,ANIMALIA,CHORDATA,PSITTACIFORMES,AVES,PSITTACIDAE,Amazona,imperialis,,,,,"Richmond, 1899",
155070695,Pyrrhura melanura,ANIMALIA,CHORDATA,PSITTACIFORMES,AVES,PSITTACIDAE,Pyrrhura,melanura,,,,,"(Spix, 1824)","<em>Pyrrhura melanura </em>has been split into <em>P. melanura </em>and <em>P. chapmani </em>following an assessment of the latter by Donegan <em>et al.&#160;</em>(2018), in light of the previous split of Maroon-tailed Parakeet into <em>P. melanura </em>and <em>P. pacifica </em>(del Hoyo and Collar 2014). While&#160;Donegan <em>et al. </em>(2018) are mistaken in scoring two covarying measurements twice, and only 1 is allowed for habitat difference, which in any case is not accepted here as too vague (the elevational difference may well be responsible for the increase in body size). However, in reviewing the photographs used to illustrate these differences it certainly appears that the blue primaries and the darker crown merit 2 each, the buffy nuchal region perhaps only 1 (3 seems extreme), but the size difference <em>vs.</em> <em>melanura</em> (mean wing 136.8 vs 126.6, tail 125.2 vs 109.9 in Table 1 in Ridgely &amp; Robbins 1988, Wilson Bull. 100: 173-182) clearly scores 2, on which basis the form reaches and is accepted here as holding species rank."
155073767,Eclectus polychloros,ANIMALIA,CHORDATA,PSITTACIFORMES,AVES,PSITTACIDAE,Eclectus,polychloros,,,,,"(Scopoli, 1786)","Eclectus Parrot&#160;<em>Eclectus roratus&#160;</em>has been split into Moluccan Eclectus&#160;<em>E. roratus</em>, Sumba Eclectus&#160;<em>E. cornelia</em>, Tanimbar Eclectus&#160;<em>E. riedeli&#160;</em>and Papuan Eclectus&#160;<em>E. polychloros</em>.<em>&#160;</em>Extensive museum work confirmed the four groups proposed as species on molecular data (Braun&#160;<em>et al.&#160;</em>2017)&#160;do exceed the threshold of 7 under the Tobias criteria (Tobias&#160;<em>et al.&#160;</em>2010) and are therefore accepted as species."
155073764,Eclectus riedeli,ANIMALIA,CHORDATA,PSITTACIFORMES,AVES,PSITTACIDAE,Eclectus,riedeli,,,,,"Meyer, 1882","Eclectus Parrot&#160;<em>Eclectus roratus&#160;</em>has been split into Moluccan Eclectus&#160;<em>E. roratus</em>, Sumba Eclectus&#160;<em>E. cornelia</em>, Tanimbar Eclectus&#160;<em>E. riedeli&#160;</em>and Papuan Eclectus&#160;<em>E. polychloros</em>.<em>&#160;</em>Extensive museum work confirmed the four groups proposed as species on molecular data (Braun&#160;<em>et al.&#160;</em>2017)&#160;do exceed the threshold of 7 under the Tobias criteria (Tobias&#160;<em>et al.&#160;</em>2010) and are therefore accepted as species."
155072216,Eclectus cornelia,ANIMALIA,CHORDATA,PSITTACIFORMES,AVES,PSITTACIDAE,Eclectus,cornelia,,,,,"Bonaparte, 1850","Eclectus Parrot&#160;<em>Eclectus roratus&#160;</em>has been split into Moluccan Eclectus&#160;<em>E. roratus</em>, Sumba Eclectus&#160;<em>E. cornelia</em>, Tanimbar Eclectus&#160;<em>E. riedeli&#160;</em>and Papuan Eclectus&#160;<em>E. polychloros</em>.<em>&#160;</em>Extensive museum work confirmed the four groups proposed as species on molecular data (Braun&#160;<em>et al.&#160;</em>2017)&#160;do exceed the threshold of 7 under the Tobias criteria (Tobias&#160;<em>et al.&#160;</em>2010) and are therefore accepted as species."
22685295,Poicephalus senegalus,ANIMALIA,CHORDATA,PSITTACIFORMES,AVES,PSITTACIDAE,Poicephalus,senegalus,,,,,"(Linnaeus, 1766)",
22685237,Pezoporus occidentalis,ANIMALIA,CHORDATA,PSITTACIFORMES,AVES,PSITTACIDAE,Pezoporus,occidentalis,,,,,"(Gould, 1861)",
22736498,Psittacus timneh,ANIMALIA,CHORDATA,PSITTACIFORMES,AVES,PSITTACIDAE,Psittacus,timneh,,,,,"Fraser, 1844",
155070829,Pyrrhura chapmani,ANIMALIA,CHORDATA,PSITTACIFORMES,AVES,PSITTACIDAE,Pyrrhura,chapmani,,,,,"Bond &amp; Meyer de Schauensee, 1941","<em>Pyrrhura melanura&#160;</em>has been split into&#160;<em>P. melanura&#160;</em>and&#160;<em>P. chapmani&#160;</em>following an assessment of the latter by Donegan&#160;<em>et al.&#160;</em>(2018), in light of the previous split of Maroon-tailed Parakeet into&#160;<em>P. melanura&#160;</em>and&#160;<em>P. pacifica&#160;</em>(del Hoyo and Collar 2014). While&#160;Donegan&#160;<em>et al.&#160;</em>(2018) are mistaken in scoring two covarying measurements twice, and only 1 is allowed for habitat difference, which in any case is not accepted here as too vague (the elevational difference may well be responsible for the increase in body size). However, in reviewing the photographs used to illustrate these differences it certainly appears that the blue primaries and the darker crown merit 2 each, the buffy nuchal region perhaps only 1 (3 seems extreme), but the size difference&#160;<em>vs.</em>&#160;<em>melanura</em>&#160;(mean wing 136.8 vs 126.6, tail 125.2 vs 109.9 in Table 1 in Ridgely &amp; Robbins 1988, Wilson Bull. 100: 173-182) clearly scores 2, on which basis the form reaches and is accepted here as holding species rank."
155072212,Eclectus roratus,ANIMALIA,CHORDATA,PSITTACIFORMES,AVES,PSITTACIDAE,Eclectus,roratus,,,,,"(Müller, 1776)","Eclectus Parrot <em>Eclectus roratus </em>has been split into Moluccan Eclectus <em>E. roratus</em>, Sumba Eclectus <em>E. cornelia</em>, Tanimbar Eclectus <em>E. riedeli </em>and Papuan Eclectus <em>E. polychloros</em>.<em>&#160;</em>Extensive museum work confirmed the four groups proposed as species on molecular data (Braun <em>et al. </em>2017)&#160;do exceed the threshold of 7 under the Tobias criteria (Tobias <em>et al. </em>2010) and are therefore accepted as species."
22684524,Eos semilarvata,ANIMALIA,CHORDATA,PSITTACIFORMES,AVES,PSITTACIDAE,Eos,semilarvata,,,,,"Bonaparte, 1850",
22685428,Loriculus flosculus,ANIMALIA,CHORDATA,PSITTACIFORMES,AVES,PSITTACIDAE,Loriculus,flosculus,,,,,"Wallace, 1864",
22684689,Charmosyna diadema,ANIMALIA,CHORDATA,PSITTACIFORMES,AVES,PSITTACIDAE,Charmosyna,diadema,,,,,"(Verreaux & Des Murs, 1860)",
22731595,Amazona diadema,ANIMALIA,CHORDATA,PSITTACIFORMES,AVES,PSITTACIDAE,Amazona,diadema,,,,,"(Spix, 1824)","<em></em><em>Amazona autumnalis</em>, <em>A. diadema</em> and <em>A. lilacina</em> (del Hoyo and Collar 2014) were previously lumped as <em>A. autumnalis</em> following Sibley and Monroe (1990, 1993).<p></p>"
22685553,Ara ambiguus,ANIMALIA,CHORDATA,PSITTACIFORMES,AVES,PSITTACIDAE,Ara,ambiguus,,,,,"(Bechstein, 1811)",
22686282,Amazona dufresniana,ANIMALIA,CHORDATA,PSITTACIFORMES,AVES,PSITTACIDAE,Amazona,dufresniana,,,,,"(Shaw, 1812)",
22685755,Leptosittaca branickii,ANIMALIA,CHORDATA,PSITTACIFORMES,AVES,PSITTACIDAE,Leptosittaca,branickii,,,,,"Berlepsch & Stolzmann, 1894",
22726303,Trichoglossus forsteni,ANIMALIA,CHORDATA,PSITTACIFORMES,AVES,PSITTACIDAE,Trichoglossus,forsteni,,,,,"Bonaparte, 1850","<p><em>Trichoglossus haematodus, T. forsteni, T. capistratus, T. weberi, T. rubritorquis, T. moluccanus </em>and<em> T. rosenbergii </em>(del Hoyo and Collar 2014) were previously lumped as <em>T. haematodus </em>following Christidis and Boles (1994), and before then were split as <em>T. haematodus </em>and<em> T. rubritorquis </em>following Sibley and Monroe (1990, 1993).</p>"
22685521,Anodorhynchus leari,ANIMALIA,CHORDATA,PSITTACIFORMES,AVES,PSITTACIDAE,Anodorhynchus,leari,,,,,"Bonaparte, 1856",
45429616,Pionus reichenowi,ANIMALIA,CHORDATA,PSITTACIFORMES,AVES,PSITTACIDAE,Pionus,reichenowi,,,,,"(Heine, 1884)","<em>Pionus menstruus</em> and <em>P. reichenowi</em> (del Hoyo and Collar 2014) were previously lumped as <em>P. menstruus</em> following Sibley and Monroe (1990, 1993)."
22685317,Poicephalus cryptoxanthus,ANIMALIA,CHORDATA,PSITTACIFORMES,AVES,PSITTACIDAE,Poicephalus,cryptoxanthus,,,,,"(Peters, 1854)",
22686201,Amazona leucocephala,ANIMALIA,CHORDATA,PSITTACIFORMES,AVES,PSITTACIDAE,Amazona,leucocephala,,,,,"(Linnaeus, 1758)",
22686215,Amazona ventralis,ANIMALIA,CHORDATA,PSITTACIFORMES,AVES,PSITTACIDAE,Amazona,ventralis,,,,,"(Müller, 1776)",
22686239,Amazona vittata,ANIMALIA,CHORDATA,PSITTACIFORMES,AVES,PSITTACIDAE,Amazona,vittata,,,,,"(Boddaert, 1783)",
22686268,Amazona finschi,ANIMALIA,CHORDATA,PSITTACIFORMES,AVES,PSITTACIDAE,Amazona,finschi,,,,,"(Sclater, 1864)",
22686387,Amazona versicolor,ANIMALIA,CHORDATA,PSITTACIFORMES,AVES,PSITTACIDAE,Amazona,versicolor,,,,,"(Müller, 1776)",
22686337,Amazona oratrix,ANIMALIA,CHORDATA,PSITTACIFORMES,AVES,PSITTACIDAE,Amazona,oratrix,,,,,"Ridgway, 1887",
45430583,Amazona guatemalae,ANIMALIA,CHORDATA,PSITTACIFORMES,AVES,PSITTACIDAE,Amazona,guatemalae,,,,,"(Sclater, 1860)","<em>Amazona farinosa</em> and <em>A. guatemalae</em> (del Hoyo and Collar 2014) were previously lumped as <em>A. farinosa</em> following Sibley and Monroe (1990, 1993)."
22686403,Amazona guildingii,ANIMALIA,CHORDATA,PSITTACIFORMES,AVES,PSITTACIDAE,Amazona,guildingii,,,,,"(Vigors, 1837)",
22685923,Forpus cyanopygius,ANIMALIA,CHORDATA,PSITTACIFORMES,AVES,PSITTACIDAE,Forpus,cyanopygius,,,,,"(Souancé, 1856)",
22685772,Rhynchopsitta terrisi,ANIMALIA,CHORDATA,PSITTACIFORMES,AVES,PSITTACIDAE,Rhynchopsitta,terrisi,,,,,"Moore, 1947",
45418540,Eupsittula nana,ANIMALIA,CHORDATA,PSITTACIFORMES,AVES,PSITTACIDAE,Eupsittula,nana,,,,,"(Vigors, 1830)","<em>Eupsittula nana</em> and <em>E. astec</em> (del Hoyo and Collar 2014) were previously placed in the genus <em>Aratinga </em>and lumped as <em>A. nana</em> following Sibley and Monroe (1990, 1993)."
22685548,Ara militaris,ANIMALIA,CHORDATA,PSITTACIFORMES,AVES,PSITTACIDAE,Ara,militaris,,,,,"(Linnaeus, 1766)",
22685695,Psittacara chloropterus,ANIMALIA,CHORDATA,PSITTACIFORMES,AVES,PSITTACIDAE,Psittacara,chloropterus,,,,,"(Souancé, 1856)",<em>Psittacara chloropterus</em> (del Hoyo and Collar 2014) was previously placed in the genus <em>Aratinga</em> as <em>A. chloroptera</em>.
22685867,Pyrrhura calliptera,ANIMALIA,CHORDATA,PSITTACIFORMES,AVES,PSITTACIDAE,Pyrrhura,calliptera,,,,,"(Massena & Souancé, 1854)",
22685690,Psittacara euops,ANIMALIA,CHORDATA,PSITTACIFORMES,AVES,PSITTACIDAE,Psittacara,euops,,,,,"(Wagler, 1832)",<em>Psittacara euops</em> (del Hoyo and Collar 2014) was previously placed in the genus <em>Aratinga</em>.
22685857,Pyrrhura rupicola,ANIMALIA,CHORDATA,PSITTACIFORMES,AVES,PSITTACIDAE,Pyrrhura,rupicola,,,,,"(Tschudi, 1844)",
22686000,Nannopsittaca dachilleae,ANIMALIA,CHORDATA,PSITTACIFORMES,AVES,PSITTACIDAE,Nannopsittaca,dachilleae,,,,,"O'Neil, Munn & Franke, 1991",
22686231,Amazona agilis,ANIMALIA,CHORDATA,PSITTACIFORMES,AVES,PSITTACIDAE,Amazona,agilis,,,,,"(Linnaeus, 1758)",
22685760,Ognorhynchus icterotis,ANIMALIA,CHORDATA,PSITTACIFORMES,AVES,PSITTACIDAE,Ognorhynchus,icterotis,,,,,"(Massena & Souancé, 1854)",
22728296,Amazona lilacina,ANIMALIA,CHORDATA,PSITTACIFORMES,AVES,PSITTACIDAE,Amazona,lilacina,,,,,"Lesson, 1844","<em>Amazona autumnalis</em>, <em>A. diadema</em> and <em>A. lilacina</em> (del Hoyo and Collar 2014) were previously lumped as <em>A. autumnalis</em> following Sibley and Monroe (1990, 1993)."
22685851,Pyrrhura orcesi,ANIMALIA,CHORDATA,PSITTACIFORMES,AVES,PSITTACIDAE,Pyrrhura,orcesi,,,,,"Ridgely & Robbins, 1988",
181747196,Tanygnathus sumatranus,ANIMALIA,CHORDATA,PSITTACIFORMES,AVES,PSITTACIDAE,Tanygnathus,sumatranus,,,,,"(Raffles, 1822)","<em>Tanygnathus sumatranus</em>&#160;(with subspecies<em>&#160;sangirensis</em>) and&#160;<em>T. everetti</em>&#160;(with subspecies&#160;<em>burbidgii</em>; race&#160;<em>duponti</em>&#160;synonymised with nominate) (Handbook of the Birds of the World and BirdLife International 2020) have been split from&#160;<em>T. sumatranus</em>&#160;(del Hoyo <em>et al. </em>2014).&#160;<br/><br/>The assessment against the Tobias criteria (Tobias&#160;<em>et al.&#160;</em>2010) in diagnosing the split is given here, from Arndt&#160;<em>et al.&#160;</em>(2019). In both sexes Philippine forms differ by their larger bills (effect size of <em>everetti </em>vs.<em> sangirensis</em> 1.62 and vs. <em>sumatranus</em> 1.15; effect size of <em>burbidgii</em> vs. <em>sangirensis</em> 1.75 and vs. <em>sumatranus </em>2.02; as <em>burbidgii</em> is here treated as conspecific with <em>everetti</em>, the lower values for <em>everetti </em>must be considered, hence score 1); blood-red or orange-red vs. yellowish-white irides (3); pale matt royal blue in place of slightly glossy turquoise-blue lower back and rump (2); paler green head (ns[1]); and duller green underparts (ns[1]).<br/>Moreover, in males the Philippine forms further differ by their absence of blue in the carpal feathers and scapulars (2); and much darker green mantle (ns[2]). Philippine birds thus reach a total of 8 under the Tobias criteria, and achieve species rank as a consequence. The difference in wing length between <em>everetti</em> and <em>burbidgii</em> yields an effect size of 3.32. The difference in tail length between nominate <em>sumatranus </em>and <em>sangirensis</em> yields an efect size of 3.70. Both these findings point to the distinctness and validity of the forms <em>burbidgii</em> and <em>sangirensis</em>; <em>burbidgii</em> is larger in all dimensions than any other taxon except the little-known <em>freeri</em> (see below), while <em>sangirensis</em> almost matches it for wing length and almost matches <em>everetti </em>for tail length while exactly matching nominate <em>sumatranus</em> for bill length. It is also worth noting that the four Peleng and Banggai birds proved to have shorter wings and tails than any other taxa, and that the four Sula birds had larger bills than either <em>sumatranus</em> or <em>sangirensis</em>. Additionally, phylogenetic reconstruction identified the Philippine and Indonesian clades as being as genetically distinct as <em>T. lucionensis </em>and <em>T. megalorynchos</em>."
181753148,Tanygnathus everetti,ANIMALIA,CHORDATA,PSITTACIFORMES,AVES,PSITTACIDAE,Tanygnathus,everetti,,,,,"Tweeddale, 1877","<em>Tanygnathus sumatranus</em>&#160;(with subspecies<em>&#160;sangirensis</em>) and&#160;<em>T. everetti</em>&#160;(with subspecies&#160;<em>burbidgii</em>; race&#160;<em>duponti</em>&#160;synonymised with nominate) (Handbook of the Birds of the World and BirdLife International 2020) have been split from&#160;<em>T. sumatranus </em>(del Hoyo <em>et al. </em>2014).&#160;<br/><br/>The assessment against the Tobias criteria (Tobias&#160;<em>et al.&#160;</em>2010) in diagnosing the split is given here, from Arndt&#160;<em>et al.&#160;</em>(2019). In both sexes Philippine forms differ by their larger bills (effect size of&#160;<em>everetti&#160;</em>vs.<em>&#160;sangirensis</em>&#160;1.62 and vs.&#160;<em>sumatranus</em>&#160;1.15; effect size of&#160;<em>burbidgii</em>&#160;vs.&#160;<em>sangirensis</em>&#160;1.75 and vs.&#160;<em>sumatranus&#160;</em>2.02; as&#160;<em>burbidgii</em>&#160;is here treated as conspecific with&#160;<em>everetti</em>, the lower values for&#160;<em>everetti&#160;</em>must be considered, hence score 1); blood-red or orange-red vs. yellowish-white irides (3); pale matt royal blue in place of slightly glossy turquoise-blue lower back and rump (2); paler green head (ns[1]); and duller green underparts (ns[1]).<br/>Moreover, in males the Philippine forms further differ by their absence of blue in the carpal feathers and scapulars (2); and much darker green mantle (ns[2]). Philippine birds thus reach a total of 8 under the Tobias criteria, and achieve species rank as a consequence. The difference in wing length between&#160;<em>everetti</em>&#160;and&#160;<em>burbidgii</em>&#160;yields an effect size of 3.32. The difference in tail length between nominate&#160;<em>sumatranus&#160;</em>and&#160;<em>sangirensis</em>&#160;yields an efect size of 3.70. Both these findings point to the distinctness and validity of the forms&#160;<em>burbidgii</em>&#160;and&#160;<em>sangirensis</em>;&#160;<em>burbidgii</em>&#160;is larger in all dimensions than any other taxon except the little-known&#160;<em>freeri</em>&#160;(see below), while&#160;<em>sangirensis</em>&#160;almost matches it for wing length and almost matches&#160;<em>everetti&#160;</em>for tail length while exactly matching nominate&#160;<em>sumatranus</em>&#160;for bill length. It is also worth noting that the four Peleng and Banggai birds proved to have shorter wings and tails than any other taxa, and that the four Sula birds had larger bills than either&#160;<em>sumatranus</em>&#160;or&#160;<em>sangirensis</em>. Additionally, phylogenetic reconstruction identified the Philippine and Indonesian clades as being as genetically distinct as&#160;<em>T. lucionensis&#160;</em>and&#160;<em>T. megalorynchos</em>."
22685739,Eupsittula canicularis,ANIMALIA,CHORDATA,PSITTACIFORMES,AVES,PSITTACIDAE,Eupsittula,canicularis,,,,,"(Linnaeus, 1758)",<em>Eupsittula canicularis</em> (del Hoyo and Collar 2014) was previously placed in the genus <em>Aratinga</em>.
